,x
1,Abcd1
2,Adam15
3,Add1
4,Adra1b
5,Afmid
6,Ahcy
7,Ahdc1
8,Akr1c13
9,Amotl2
10,Angptl3
11,Apoa2
12,Aqp11
13,Arhgef19
14,Asb5
15,Atp1a3
16,Bcar1
17,Bche
18,Bco2
19,Bhlhe40
20,C2cd2
21,Cadm1
22,Cd14
23,Cd99l2
24,Cers2
25,Ces2c
26,Ces4a
27,Chpt1
28,Chst13
29,Chst9
30,Col27a1
31,Cpeb4
32,Csrnp2
33,Ctnnbip1
34,Cyp1a1
35,Cyp2c7
36,Cyp2d2
37,Cyp2d4
38,Cyp3a9
39,Dcbld2
40,Def8
41,Dhdds
42,Dmgdh
43,Dpt
44,Dusp1
45,Entpd5
46,Entpd8
47,Ephb6
48,Esr1
49,Ethe1
50,Etnk2
51,Evc2
52,Extl1
53,Fam8a1
54,Fgfr3
55,G0s2
56,Gcat
57,Gchfr
58,Gck
59,Gda
60,Gfod2
61,Ghr
62,Gja5
63,Gnat3
64,Gnmt
65,Gpam
66,Gpd1
67,Gpr137b
68,Gpt
69,Gstm2
70,Gypc
71,Herc3
72,Hist1h2bh
73,Hist1h4b
74,Homer2
75,Hrk
76,Hsd17b6
77,Hsf4
78,Il36b
79,Il4r
80,Inhbe
81,Itga5
82,Iyd
83,Josd2
84,Jph4
85,Kank1
86,Kank2
87,Kcnn2
88,Kdsr
89,Khk
90,Kifc3
91,Lag3
92,Lamb3
93,Leap2
94,Limk2
95,Lingo4
96,LOC100361444
97,LOC367975
98,LOC502176
99,LOC688335
100,LOC691083
101,Lonrf3
102,Lrp5
103,Lrrc20
104,Lrtm2
105,Ltbp4
106,Mab21l3
107,Manea
108,Mast3
109,Mbp
110,Mettl7b
111,Mgat4b
112,Mgll
113,Mgst3
114,Micu3
115,Mid1ip1
116,Mir22
117,Mocos
118,Mxd4
119,Mycl
120,Nabp1
121,Nav2
122,Ntf3
123,Obp1f
124,Olr59
125,Oplah
126,Ormdl3
127,Otub2
128,P2rx5
129,P2ry1
130,Paqr7
131,Pdgfa
132,Per2
133,Perp
134,Pgm1
135,Pnliprp2
136,Ppp1r10
137,Ppp1r3b
138,Prss32
139,Prtg
140,Ptms
141,Ptprn
142,Ptprs
143,Qdpr
144,Rab40b
145,Rcan1
146,Reep6
147,RGD1309534
148,RGD1309676
149,Rhob
150,Rhobtb1
151,Ripk4
152,Rnf181
153,Sardh
154,Scd1
155,Sgcb
156,Shroom3
157,Slc10a2
158,Slc13a4
159,Slc16a13
160,Slc22a4
161,Slc25a10
162,Slc2a5
163,Slc35d1
164,Slc39a4
165,Slc41a2
166,Slco2a1
167,Spink1
168,Spink3
169,Spry4
170,Sri
171,St8sia3
172,Stk40
173,Stx2
174,Sult1a1
175,Sult1b1
176,Tas1r1
177,Tcea3
178,Tecr
179,Thnsl2
180,Thrsp
181,Tjp3
182,Tmem110
183,Tmem25
184,Trpv6
185,Tsc22d1
186,Tsku
187,Ttc21b
188,Ttc36
189,Ttll3
190,Ugt2b17
191,Vangl1
192,Vwce
193,Wdr6
194,Wfdc21
195,Acaa1b
196,Acsl3
197,Acvr1c
198,Adamdec1
199,Adh1
200,Adh7
201,Agap3
202,Ak4
203,Akr1d1
204,Akr7a3
205,Aldh1a1
206,Aldh1l1
207,Amer1
208,Angptl4
209,Anxa5
210,Anxa8
211,Apitd1
212,Ar
213,Arl4d
214,Arpp19
215,Arrdc3
216,Arse
217,Asah2
218,Bag4
219,Bst2
220,Btg1
221,Cacna2d4
222,Car12
223,Car2
224,Ccdc112
225,Ccng1
226,Cd1d1
227,Cd36
228,Cd81
229,Cdkn1a
230,Cdkn2b
231,Ces2a
232,Chrna2
233,Cidec
234,Ckap2
235,Clcn6
236,Coro2a
237,Cry1
238,Cryl1
239,Cryz
240,Csmd1
241,Cubn
242,Cxcl9
243,Cyp26b1
244,Cyp2b2
245,Cyp2c22
246,Cyp2c6v1
247,Dact2
248,Dapp1
249,Dbi
250,Derl3
251,Efna1
252,Ehhadh
253,Elovl6
254,Ephx1
255,Fam49a
256,Fasn
257,Fgf21
258,Gale
259,Galr3
260,Gapdh
261,Gbe1
262,Gdf15
263,Gdnf
264,Gng10
265,Gpx1
266,Gsta1
267,Gsta3
268,Gstk1
269,Gstm1
270,Gstt1
271,H2afy2
272,Hcn3
273,Hfe2
274,Hibch
275,Hnf4g
276,Hs6st2
277,Hspa4l
278,Ifi27l2b
279,Ikbke
280,Inhba
281,Jade2
282,Jakmip2
283,Jund
284,Krt23
285,Lhx8
286,Lilrb4
287,Lin37
288,Lnx2
289,LOC100363193
290,LOC498836
291,Lpar6
292,Lrrc19
293,Mcf2l
294,Med12l
295,Megf9
296,Mgmt
297,Mical2
298,Micalcl
299,Mif
300,Mk1
301,Mok
302,Msl3l2
303,Mybl1
304,Mybl2
305,Mybph
306,Nme1
307,Nrg1
308,Nuak1
309,Nudt7
310,Nup62
311,Olr57
312,Pak1
313,Paqr3
314,Parp16
315,Pax8
316,Pbk
317,Pex11a
318,Pgam1
319,Pgd
320,Pgk1
321,Pgpep1
322,Pir
323,Plbd1
324,Plin2
325,Plin5
326,Plxna2
327,Pnpla5
328,Pnrc1
329,Ppp2r1b
330,Prkca
331,Prkci
332,Psat1
333,Ptk2b
334,Ptprt
335,Ralyl
336,RGD1305464
337,RGD1306151
338,RGD1311756
339,RGD1560010
340,RGD1561849
341,RGD1562136
342,RGD1565355
343,RGD1565616
344,Rgs16
345,Rgs7
346,Rnf11l1
347,Rp1
348,Rpa1
349,Rrm2b
350,Rtn4
351,Scly
352,Sdr16c6
353,Sesn3
354,Sh3bgrl2
355,Slc17a3
356,Slc25a47
357,Slc45a3
358,Sntb1
359,Snx12
360,Spsb4
361,Stk24
362,Stxbp1
363,Sult2a2
364,Sult2a6
365,Sult2b1
366,Svil
367,Tcf7l1
368,Tex36
369,Tf
370,Tgm2
371,Thbs4
372,Tk1
373,Tkfc
374,Tkt
375,Tmcc3
376,Tmem252
377,Tmem97
378,Tmie
379,Tp53i3
380,Trpm2
381,Tyms
382,Unc5c
383,Unc5cl
384,Usp29
385,Ykt6
386,Ypel2
387,Zdhhc2
388,A2m
389,A3galt2
390,Abca2
391,Abca4
392,Abca5
393,Abcb1b
394,Abcc1
395,Abcc3
396,Abcc9
397,Abcg3l3
398,Abi2
399,Abr
400,Abracl
401,Acbd3
402,Ace
403,Acer2
404,Ackr3
405,Acot1
406,Acot2
407,Acot3
408,Acot4
409,Acot9
410,Acta2
411,Actb
412,Actg1
413,Actn3
414,Adam19
415,Adamts12
416,Adamts2
417,Adamts4
418,Adamts9
419,Adap1
420,Adat1
421,Adcy7
422,Adcyap1r1
423,Adgrg1
424,Adgrg2
425,Adm
426,Adm2
427,Adora1
428,Adora2a
429,Adpgk
430,Aebp1
431,Afap1
432,Afap1l2
433,Ago2
434,Agpat3
435,Agpat4
436,Agpat9
437,Agtpbp1
438,Ahnak
439,Aida
440,Aifm2
441,Ajuba
442,Akap12
443,Akap2
444,Akr1b8
445,Akt3
446,Aldh18a1
447,Aldh1a7
448,Aldoa
449,Aloxe3
450,Alpl
451,Ampd3
452,Amz1
453,Angpt1
454,Ankef1
455,Ankrd33b
456,Ankrd37
457,Ankrd39
458,Ankrd6
459,Anks6
460,Ano7
461,Antxr1
462,Anxa1
463,Anxa2
464,Anxa4
465,Anxa7
466,Aoah
467,Aoc1
468,Apaf1
469,Apbb1
470,Apbb1ip
471,Apln
472,Aplnr
473,App
474,Appl2
475,Aqp4
476,Aqp7
477,Arap2
478,Arf2
479,Arfgap3
480,Arg2
481,Arhgap10
482,Arhgap11a
483,Arhgap22
484,Arhgap28
485,Arhgdia
486,Arhgef28
487,Arhgef9
488,Arid3a
489,Arid5a
490,Arl10
491,Arl11
492,Arl4a
493,Arl4c
494,Arl6
495,Arl8a
496,Armc6
497,Armcx2
498,Arntl
499,Arrdc1
500,Arrdc4
501,Asns
502,Aspm
503,Atcay
504,Atf3
505,Atf4
506,Atic
507,Atp10a
508,Atp2b4
509,Aurkb
510,B3galnt1
511,B3gnt2
512,B4galt5
513,B4galt6
514,Basp1
515,Batf
516,Bbs7
517,Bcat1
518,Bcl10
519,Bcl2
520,Bcl2a1
521,Bgn
522,Bicc1
523,Bicd2
524,Bin1
525,Birc3
526,Birc5
527,Blnk
528,Bmp7
529,Bmper
530,Bok
531,Bst1
532,Btbd10
533,Btbd3
534,Btc
535,Btg2
536,Btg3
537,Bub1b
538,Bysl
539,C1qtnf5
540,C1qtnf6
541,C2cd5
542,C5ar1
543,Cab39
544,Cables1
545,Cacna1c
546,Cacnb1
547,Camk2d
548,Capg
549,Capn1
550,Capn2
551,Car13
552,Card10
553,Cars
554,Casc5
555,Casp4
556,Cass4
557,Cbfa2t3
558,Cblc
559,Ccdc120
560,Ccdc19
561,Ccdc64
562,Ccdc68
563,Ccdc8
564,Ccdc92
565,Cchcr1
566,Ccl12
567,Ccl2
568,Ccl21
569,Ccl3
570,Ccl4
571,Ccl7
572,Ccna2
573,Ccne1
574,Ccr1
575,Ccrl2
576,Cd151
577,Cd200
578,Cd24
579,Cd276
580,Cd2ap
581,Cd300e
582,Cd300lb
583,Cd3eap
584,Cd44
585,Cd53
586,Cd55
587,Cd63
588,Cd84
589,Cd8a
590,Cd8b
591,Cd9
592,Cd93
593,Cdc25a
594,Cdc42ep1
595,Cdc42ep2
596,Cdc42ep5
597,Cdc42se1
598,Cdc42se2
599,Cdc7
600,Cdca2
601,Cdca7
602,Cdca8
603,Cdh13
604,Cdh3
605,Cdk14
606,Cdk6
607,Cdkl2
608,Cdkl3
609,Cdkn3
610,Cdr2
611,Cdt1
612,Cdyl2
613,Cebpb
614,Cebpd
615,Cenpi
616,Cenpn
617,Cep55
618,Cep76
619,Cerk
620,Cfap52
621,Cfl1
622,Cftr
623,Cgref1
624,Ch25h
625,Chac1
626,Chchd4
627,Chi3l1
628,Chka
629,Chrnb1
630,Chst1
631,Chst12
632,Chst14
633,Cidea
634,Ckap4
635,Clca4l
636,Clcf1
637,Cldn4
638,Cldn6
639,Clec11a
640,Clec2l
641,Clec4e
642,Clec5a
643,Clec7a
644,Clic1
645,Clip1
646,Clip2
647,Clpx
648,Clspn
649,Clstn3
650,Clu
651,Cmpk2
652,Cnksr1
653,Cnksr3
654,Cnp
655,Cntnap1
656,Col11a1
657,Col15a1
658,Col16a1
659,Col1a1
660,Col1a2
661,Col3a1
662,Col4a1
663,Col5a1
664,Col5a2
665,Col5a3
666,Col6a2
667,Col8a1
668,Colec12
669,Coro1a
670,Coro1c
671,Coro6
672,Cotl1
673,Cpa6
674,Cpne2
675,Cpt1b
676,Cpxm1
677,Cpxm2
678,Cpz
679,Creb3
680,Creb5
681,Crlf1
682,Crot
683,Crtap
684,Cryab
685,Csf1
686,Csf2rb
687,Csn3
688,Csnk1e
689,Cstf2
690,Ctf1
691,Ctgf
692,Cthrc1
693,Ctps1
694,Ctsk
695,Cttn
696,Cttnbp2nl
697,Cx3cl1
698,Cx3cr1
699,Cxadr
700,Cxcl1
701,Cxcl10
702,Cxcl14
703,Cxcl16
704,Cxcl2
705,Cxcl6
706,Cxcr2
707,Cxcr4
708,Cyfip2
709,Cygb
710,Cyp17a1
711,Cyp1b1
712,Cyp26a1
713,Cyp2b1
714,Cyp2c24
715,Cyp2j10
716,Cyp2s1
717,Cyp4f17
718,Cyp4f5
719,Cyr61
720,Dag1
721,Dagla
722,Dapk1
723,Dbn1
724,Dcakd
725,Dclk1
726,Dcn
727,Dcun1d3
728,Ddhd1
729,Ddit3
730,Ddit4
731,Ddit4l2
732,Ddr2
733,Ddx21
734,Dennd2c
735,Dennd2d
736,Depdc1b
737,Des
738,Dhx33
739,Diaph3
740,Dio3
741,Disp1
742,Dixdc1
743,Dkk3
744,Dlgap5
745,Dmbt1
746,Dmrtc2
747,Dnajc5b
748,Dnmt3b
749,Dos
750,Dph1
751,Dph5
752,Dpp7
753,Dpysl2
754,Dpysl3
755,Dram1
756,Dtx4
757,Dupd1
758,Dus4l
759,Dusp10
760,Dusp16
761,Dusp2
762,Dusp22
763,Dusp3
764,Dusp7
765,Dusp8
766,Dynlt1
767,Dzip1l
768,Ear11
769,Ebi3
770,Ect2
771,Edn1
772,Ednrb
773,Efcab1
774,Efemp2
775,Efs
776,Egln3
777,Egr1
778,Egr2
779,Ehd2
780,Ehd4
781,Eif2b2
782,Eif2b3
783,Eif4ebp1
784,Elavl2
785,Elf3
786,Eln
787,Emb
788,Emp1
789,Emp3
790,Enc1
791,Eno2
792,Enpp4
793,Enpp5
794,Entpd6
795,Eogt
796,Epb41l4a
797,Ephb2
798,Ephx2
799,Epn3
800,Eps8l1
801,Eqtn
802,Erbb2
803,Esam
804,Esm1
805,Espl1
806,Esyt1
807,Ets2
808,Etv4
809,Etv6
810,Exnef
811,Ext1
812,Extl2
813,Eya2
814,Ezr
815,F2r
816,Faap20
817,Fabp2
818,Fabp4
819,Fabp5
820,Fads3
821,Fam102b
822,Fam105a
823,Fam110a
824,Fam118a
825,Fam129a
826,Fam129b
827,Fam131b
828,Fam134b
829,Fam198b
830,Fam19a4
831,Fam220a
832,Fam25a
833,Fam3c
834,Fam83h
835,Fam89a
836,Fanca
837,Fas
838,Fat1
839,Fblim1
840,Fbln1
841,Fbn1
842,Fbn2
843,Fbxl8
844,Fbxo32
845,Fbxo6
846,Fbxw17
847,Fcgr2a
848,Fchsd1
849,Fcnb
850,Fgd6
851,Fgf1
852,Fgf23
853,Fgr
854,Fhdc1
855,Fhl2
856,Fhl3
857,Fibin
858,Figf
859,Fjx1
860,Fkbp10
861,Fkbp5
862,Fkbp7
863,Flna
864,Flnb
865,Flnc
866,Flrt2
867,Flvcr2
868,Fmnl1
869,Fndc1
870,Fopnl
871,Fosb
872,Fosl1
873,Fosl2
874,Foxm1
875,Foxq1
876,Foxs1
877,Frmd4a
878,Frmd6
879,Frzb
880,Fscn1
881,Fsip1
882,Fst
883,Fstl1
884,Fut7
885,Fxyd5
886,Fxyd6
887,Fyn
888,Fzd2
889,Fzd6
890,Gab2
891,Gadd45a
892,Galnt18
893,Galnt6
894,Gar1
895,Gas7
896,Gatsl2
897,Gbp5
898,Gca
899,Gem
900,Gfap
901,Gfod1
902,Gfpt2
903,Ggt1
904,Ggta1
905,Gins2
906,Gins3
907,Gipc1
908,Git1
909,Gja1
910,Gjc1
911,Gjc2
912,Glb1l2
913,Gls
914,Gltp
915,Gmeb1
916,Gna13
917,Gnai1
918,Gnai2
919,Gnb1
920,Gnpda1
921,Gpa33
922,Gpc1
923,Gpc3
924,Gpnmb
925,Gpr153
926,Gpr176
927,Gpr183
928,Gpr37
929,Gpr39
930,Gpr4
931,Gpr87
932,Gprc5a
933,Gpsm1
934,Gpx2
935,Gpx3
936,Grhl2
937,Gria3
938,Grk5
939,Gss
940,Gstcd
941,Gstm3
942,Gstp1
943,Gtse1
944,Gucy2c
945,Gyg1
946,H19
947,Hacd4
948,Hbegf
949,Hdgfrp3
950,Heatr1
951,Heatr6
952,Hebp2
953,Heph
954,Heyl
955,Hic1
956,Hip1
957,Hip1r
958,Hist1h1a
959,Hist1h1b
960,Hist1h2ail1
961,Hist1h2ak
962,Hist1h2bd
963,Hist1h2bk
964,Hist1h2bo
965,Hist1h4m
966,Hivep2
967,Hivep3
968,Hmga1
969,Hmgcr
970,Hn1
971,Homer3
972,Hpcal1
973,Hps3
974,Hrasls5
975,Hrh1
976,Hsdl2
977,Hspa12b
978,Hspa1a
979,Hspa1b
980,Hspb9
981,Htra3
982,Hyal2
983,Ica1
984,Icam1
985,Id1
986,Idh2
987,Ier2
988,Ier5
989,Ier5l
990,Ifit2
991,Ifit3
992,Ifitm2
993,Ifngr2
994,Ifnlr1
995,Ift122
996,Ift22
997,Igf2bp2
998,Igf2r
999,Igfbp1
1000,Igsf11
1001,Igsf3
1002,Igsf8
1003,Ikbkb
1004,Ikzf2
1005,Il10rb
1006,Il17re
1007,Il1r2
1008,Il1rl1
1009,Il1rn
1010,Il22ra1
1011,Il23a
1012,Il2rg
1013,Il34
1014,Impa2
1015,Impdh1
1016,Incenp
1017,Inhbb
1018,Inpp1
1019,Insig1
1020,Insig2
1021,Iqgap1
1022,Iqgap3
1023,Irak2
1024,Irak3
1025,Irf1
1026,Irg1
1027,Irx2
1028,Isg15
1029,Itga4
1030,Itga6
1031,Itga8
1032,Itgam
1033,Itgb1
1034,Itgb2
1035,Itgb6
1036,Itgb8
1037,Itpka
1038,Itpkc
1039,Itpripl2
1040,Jag1
1041,Jak3
1042,Jam2
1043,Jun
1044,Junb
1045,Kank3
1046,Katnal1
1047,Kcnj8
1048,Kcnj9
1049,Kcnn4
1050,Kctd13
1051,Kctd15
1052,Kdelr3
1053,Kif11
1054,Kif12
1055,Kif1c
1056,Kif22
1057,Kif23
1058,Kif26b
1059,Kif2c
1060,Kif3a
1061,Kif3c
1062,Kifc1
1063,Kirrel
1064,Klf10
1065,Klf11
1066,Klf4
1067,Klf6
1068,Klhdc8a
1069,Klhl5
1070,Klhl8
1071,Klra17
1072,Kntc1
1073,Kpna3
1074,Krt18
1075,Krt20
1076,Krt4
1077,Krt75
1078,Krt8
1079,Lama5
1080,Lamc1
1081,Lamc2
1082,Laptm5
1083,Lbh
1084,Lbp
1085,Lcn2
1086,Lcp1
1087,Lgals1
1088,Lgals3
1089,Lgals3bp
1090,Lgals9
1091,Lgalsl
1092,Lgmn
1093,Lhfp
1094,Lhfpl2
1095,Lif
1096,Lilrc2
1097,Limch1
1098,Limd1
1099,Limk1
1100,Liph
1101,Litaf
1102,Lman1l
1103,Lmcd1
1104,Lmna
1105,LOC100294508
1106,LOC100361092
1107,LOC100909539
1108,LOC100909675
1109,LOC100911068
1110,LOC100912041
1111,LOC100912312
1112,LOC297756
1113,LOC308990
1114,LOC361016
1115,LOC498276
1116,LOC499781
1117,LOC680663
1118,LOC681325
1119,LOC683722
1120,LOC684871
1121,LOC689065
1122,LOC690617
1123,LOC691995
1124,Loxl1
1125,Loxl2
1126,Lpl
1127,Lrrc32
1128,Lrrfip1
1129,Lrrk2
1130,Lrrn4cl
1131,Lsm11
1132,Ltb
1133,Ltbp1
1134,Ltbp2
1135,Ltbp3
1136,Lum
1137,Lurap1l
1138,Ly49si1
1139,Lypd1
1140,Lyrm1
1141,Lysmd2
1142,Lyz2
1143,Lzts2
1144,Mad2l2
1145,Maff
1146,Mafk
1147,Magee1
1148,Magi3
1149,Magohb
1150,Mal
1151,Manba
1152,Map1a
1153,Map1b
1154,Map1s
1155,Map2k1
1156,Map3k6
1157,Map4k4
1158,Map6
1159,Map9
1160,Mapk13
1161,Mapk4
1162,Mapk7
1163,March3
1164,Marcks
1165,Marcksl1
1166,Marveld2
1167,Mat2a
1168,Matk
1169,Mbd2
1170,Mcam
1171,Mcemp1
1172,Mcm2
1173,Mcm5
1174,Mcoln2
1175,Mcoln3
1176,Mdfic
1177,Med9
1178,Meis3
1179,Melk
1180,Mesdc1
1181,Mesp2
1182,Mest
1183,Metrnl
1184,Mfap2
1185,Mfap4
1186,Mfge8
1187,Mfhas1
1188,Mfsd10
1189,Mfsd12
1190,Mgarp
1191,Mgat5
1192,MGC105649
1193,Mgp
1194,Mgrn1
1195,Mical1
1196,Mid2
1197,Mir21
1198,Mir322
1199,Mis12
1200,Mitd1
1201,Mitf
1202,Mki67
1203,Mmp12
1204,Mmp13
1205,Mmp2
1206,Mmp23
1207,Mmp24
1208,Mmp3
1209,Mmp8
1210,Mmp9
1211,Mnda
1212,Mob3a
1213,Mpi
1214,Mpp7
1215,Mras
1216,Mrgprx2
1217,Msantd3
1218,Msc
1219,Msn
1220,Mterfd3
1221,Mthfd1l
1222,Mthfd2
1223,Mtmr11
1224,Musk
1225,Mvb12b
1226,Mvp
1227,Mx2
1228,Mxd3
1229,Mxra8
1230,Myadm
1231,Mybbp1a
1232,Mybpc1
1233,Myc
1234,Myct1
1235,Myef2
1236,Myh1
1237,Myh10
1238,Myh9
1239,Myh9l1
1240,Myl12a
1241,Myl4
1242,Myo1c
1243,Myo1f
1244,Myo1g
1245,Myo5a
1246,Myo7b
1247,Myof
1248,Myom1
1249,Mypn
1250,N4bp1
1251,N4bp3
1252,Nacc1
1253,Nagk
1254,Nap1l3
1255,Ncdn
1256,Nceh1
1257,Ncf1
1258,Ncf2
1259,Ncs1
1260,Ndrg1
1261,Ndufaf4
1262,Nek2
1263,Nek6
1264,Nenf
1265,Nes
1266,Neurl3
1267,Nfkb1
1268,Nfkb2
1269,Nfkbia
1270,Nfkbie
1271,Niacr1
1272,Nin
1273,Nipal2
1274,Nle1
1275,Nmt2
1276,Nol10
1277,Nol3
1278,Nolc1
1279,Nop14
1280,Nop2
1281,Nop56
1282,Nop58
1283,Nos1
1284,Nos2
1285,Notch2
1286,Np4
1287,Npas2
1288,Npdc1
1289,Npffr2
1290,Nr2c2ap
1291,Nr4a1
1292,Nradd
1293,Nrp2
1294,Nt5c
1295,Nt5c3b
1296,Nudt13
1297,Nup205
1298,Nupr1
1299,Nusap1
1300,Nxt1
1301,Nyap1
1302,Oasl2
1303,Odc1
1304,Olfml2a
1305,Olfml2b
1306,Olr1
1307,Orai2
1308,Orm1
1309,Oscar
1310,Osmr
1311,Oxct1
1312,P3h4
1313,Pak1ip1
1314,Palm
1315,Palm2
1316,Papss1
1317,Paqr8
1318,Parp14
1319,Parp3
1320,Parvb
1321,Pax6
1322,Pcdh19
1323,Pcdhb20
1324,Pcdhb21
1325,Pcdhga10
1326,Pcdhga11
1327,Pcdhga12
1328,Pcdhga2
1329,Pcdhga5
1330,Pcdhga7
1331,Pcdhga9
1332,Pcdhgb7
1333,Pcolce
1334,Pcp4l1
1335,Pcyox1l
1336,Pdcl3
1337,Pde10a
1338,Pde5a
1339,Pde9a
1340,Pdgfb
1341,Pdgfd
1342,Pdgfra
1343,Pdgfrb
1344,Pdk3
1345,Pdlim1
1346,Pdlim2
1347,Pdlim4
1348,Pdlim7
1349,Peak1
1350,Penk
1351,Pfkfb3
1352,Pfkp
1353,Pgam5
1354,Pgm2
1355,Phactr2
1356,Phc2
1357,Phlda1
1358,Phlda2
1359,Phldb1
1360,Piezo1
1361,Pih1d2
1362,Pik3c2b
1363,Pik3r5
1364,Pkd2
1365,Pkia
1366,Pkm
1367,Pkp2
1368,Pla1a
1369,Pla2g7
1370,Plat
1371,Plau
1372,Plaur
1373,Plcd1
1374,Plce1
1375,Plch1
1376,Plcxd3
1377,Pld1
1378,Plek2
1379,Plekha1
1380,Plekha4
1381,Plekhg1
1382,Plekhg2
1383,Plekhh1
1384,Plekhs1
1385,Plet1
1386,Plk1
1387,Plk3
1388,Plod2
1389,Plp2
1390,Plscr1
1391,Plscr3
1392,Plscr4
1393,Plxna3
1394,Pmepa1
1395,Pmp22
1396,Pmvk
1397,Pno1
1398,Pnoc
1399,Polb
1400,Polr3g
1401,Popdc2
1402,Postn
1403,Ppapdc2
1404,Ppic
1405,Ppil1
1406,Ppil3
1407,Ppl
1408,Ppp1r14b
1409,Ppp1r14c
1410,Ppp1r15a
1411,Ppp2ca
1412,Ppp2cb
1413,Ppp2r2d
1414,Pprc1
1415,Pqlc3
1416,Pragmin
1417,Prc1
1418,Prickle1
1419,Prkaa1
1420,Prkab2
1421,Prkar1b
1422,Prkar2a
1423,Prkd1
1424,Prkrir
1425,Prkx
1426,Prmt3
1427,Procr
1428,Prr13
1429,Prr7
1430,Prrx1
1431,Prss22
1432,Prss36
1433,Prss8
1434,Prtfdc1
1435,Psca
1436,Psen2
1437,Psmb9
1438,Psph
1439,Ptcd3
1440,Ptger2
1441,Ptger4
1442,Ptgfrn
1443,Ptgs2
1444,Ptk7
1445,Ptpn23
1446,Ptpre
1447,Ptprr
1448,Ptprv
1449,Ptrf
1450,Pus1
1451,PVR
1452,Pwwp2b
1453,Pxdn
1454,Pycr1
1455,Pygb
1456,Qrfpr
1457,Rab11fip1
1458,Rab12
1459,Rab15
1460,Rab23
1461,Rab31
1462,Rab32
1463,Rab38
1464,Rab4a
1465,Rab7b
1466,Rad18
1467,Rad51
1468,Rai14
1469,Ralb
1470,Ramp1
1471,Ran
1472,Ranbp1
1473,Rap1gap
1474,Rap2b
1475,Rapgef3
1476,Rapgef5
1477,Rarb
1478,Rasa2
1479,Rasa3
1480,Rasef
1481,Rasl10b
1482,Rasl11b
1483,Rasl12
1484,Rassf1
1485,Rassf8
1486,Rassf9
1487,Rbbp8
1488,Rbm3
1489,Rbpjl
1490,Rcan3
1491,Rcn1
1492,Rdh13
1493,Rec8
1494,Reck
1495,Reep5
1496,Rem1
1497,Rem2
1498,Rfx5
1499,Rgcc
1500,RGD1304810
1501,RGD1305110
1502,RGD1305928
1503,RGD1306058
1504,RGD1307315
1505,RGD1308117
1506,RGD1311739
1507,RGD1311946
1508,RGD1359127
1509,RGD1559482
1510,RGD1560108
1511,RGD1561149
1512,RGD1561161
1513,RGD1562079
1514,RGD1563072
1515,RGD1564450
1516,RGD1564664
1517,Rgma
1518,Rgs1
1519,Rgs19
1520,Rgs2
1521,Rgs4
1522,Rgs5
1523,Rhbdf1
1524,Rhbdf2
1525,Rhoc
1526,Rhoq
1527,Rims2
1528,Rin1
1529,Rinl
1530,Ripk2
1531,Ripk3
1532,Rmnd5b
1533,Rnd1
1534,Rnf19b
1535,Rnf4
1536,Rnf8
1537,Robo4
1538,Ropn1
1539,Rph3al
1540,Rpia
1541,Rpp38
1542,Rprm
1543,Rps6ka2
1544,Rps6ka3
1545,Rras
1546,Rsad1
1547,RT1-A3
1548,RT1-Bb
1549,RT1-CE14
1550,RT1-CE4
1551,RT1-M4
1552,Rtkn
1553,Runx1
1554,S100a10
1555,S100a11
1556,S100a16
1557,S100a4
1558,S100a6
1559,S100a8
1560,S100a9
1561,S1pr2
1562,S1pr5
1563,Samd10
1564,Samd4a
1565,Samsn1
1566,Sapcd2
1567,Sarm1
1568,Sat1
1569,Scamp5
1570,Scara5
1571,Scd2
1572,Schip1
1573,Scn5a
1574,Sctr
1575,Sdad1
1576,Sdc1
1577,Sdc4
1578,Sdcbp
1579,Sdcbp2
1580,Sec14l1
1581,Sec22b
1582,Selm
1583,Sema3b
1584,Sema3c
1585,Sema4d
1586,Sema6b
1587,Sep-11
1588,Sep-05
1589,Serinc2
1590,Serpina3n
1591,Serpinb5
1592,Serpinb8
1593,Serpinb9
1594,Serpine1
1595,Serpinh1
1596,Sertad1
1597,Setd8
1598,Sfrp1
1599,Sfxn3
1600,Sfxn4
1601,Sgcg
1602,Sgms2
1603,Sh3bgrl3
1604,Sh3bp4
1605,Sh3yl1
1606,Shank3
1607,Shtn1
1608,Sipa1l3
1609,Sirpa
1610,Sla
1611,Slamf6
1612,Slamf9
1613,Slc10a3
1614,Slc12a8
1615,Slc15a3
1616,Slc16a1
1617,Slc16a3
1618,Slc1a5
1619,Slc20a1
1620,Slc23a3
1621,Slc24a4
1622,Slc25a24
1623,Slc25a4
1624,Slc28a2
1625,Slc34a2
1626,Slc36a2
1627,Slc36a4
1628,Slc37a2
1629,Slc39a10
1630,Slc39a6
1631,Slc4a4
1632,Slc4a5
1633,Slc5a9
1634,Slc6a6
1635,Slc6a8
1636,Slc7a1
1637,Slc7a11
1638,Slc7a15
1639,Slc7a5
1640,Slc7a6
1641,Slc7a8
1642,Slfn2
1643,Slx4ip
1644,Smim3
1645,Smoc2
1646,Smox
1647,Smpd3
1648,Smtnl2
1649,Smyd5
1650,Snai1
1651,Snrpd1
1652,Snx7
1653,Soat1
1654,Sod2
1655,Sorcs1
1656,Sorcs2
1657,Sowahc
1658,Sox4
1659,Sox9
1660,Sp110
1661,Sp140
1662,Spag9
1663,Sparc
1664,Sparcl1
1665,Spata2L
1666,Spats2
1667,Spats2l
1668,Specc1
1669,Spef1
1670,Sphk1
1671,Spn
1672,Spp1
1673,Spryd3
1674,Spsb1
1675,Sptan1
1676,Sptbn1
1677,Sptlc2
1678,Sqstm1
1679,Src
1680,Srd5a3
1681,Srf
1682,Srms
1683,Srpx2
1684,Srxn1
1685,Ss18
1686,Ssbp4
1687,Ssc5d
1688,Sstr3
1689,St3gal2
1690,St3gal4
1691,St3gal5
1692,St6galnac2
1693,Stac2
1694,Stap1
1695,Stat3
1696,Steap1
1697,Steap2
1698,Steap4
1699,Stom
1700,Stoml1
1701,Ston1
1702,Sulf1
1703,Sult4a1
1704,Syde1
1705,Syn3
1706,Syne4
1707,Synj2
1708,Synpo
1709,Syt1
1710,Sytl4
1711,Tacc1
1712,Tacc2
1713,Tacr3
1714,Tagln
1715,Tagln2
1716,Tap1
1717,Tapbp
1718,Tax1bp3
1719,Tbc1d19
1720,Tbc1d2
1721,Tbcel
1722,Tbx1
1723,Tbx4
1724,Tcf4
1725,Tead2
1726,Tes
1727,Tfcp2l1
1728,Tfpi
1729,Tfpi2
1730,Tgfa
1731,Tgfb1i1
1732,Tgfb3
1733,Tgif1
1734,Thbd
1735,Thbs1
1736,Thbs2
1737,Them4
1738,Them5
1739,Them6
1740,Thg1l
1741,Thnsl1
1742,Thsd1
1743,Thy1
1744,Tiam1
1745,Tigar
1746,Timp1
1747,Timp2
1748,Timp3
1749,Tjp2
1750,Tm4sf19
1751,Tm6sf1
1752,Tma16
1753,Tmbim1
1754,Tmem106a
1755,Tmem119
1756,Tmem120a
1757,Tmem151a
1758,Tmem171
1759,Tmem184b
1760,Tmem2
1761,Tmem237
1762,Tmem243
1763,Tmem26
1764,Tmem41a
1765,Tmem43
1766,Tmem45a
1767,Tmem65
1768,Tmprss2
1769,Tmsb10
1770,Tnc
1771,Tnf
1772,Tnfaip1
1773,Tnfaip6
1774,Tnfaip8
1775,Tnfrsf10b
1776,Tnfrsf11b
1777,Tnfrsf12a
1778,Tnfrsf1b
1779,Tnfrsf21
1780,Tnfrsf8
1781,Tnfrsf9
1782,Tnfsf9
1783,Tnk2
1784,Tns3
1785,Top2a
1786,Tor3a
1787,Tp53
1788,Tpm1
1789,Tpm3
1790,Tpm4
1791,Tpx2
1792,Traf1
1793,Traf3
1794,Trafd1
1795,Trak2
1796,Trem1
1797,Trem2
1798,Trem3
1799,Trex1
1800,Tril
1801,Trim13
1802,Trim32
1803,Trim35
1804,Trim69
1805,Trip6
1806,Trmt10a
1807,Trmt6
1808,Trmt61a
1809,Trpm4
1810,Trpv2
1811,Trub1
1812,Tsc22d2
1813,Tsc22d4
1814,Tshr
1815,Tshz3
1816,Tspan14
1817,Tspan17
1818,Tspan18
1819,Tspan5
1820,Tspo
1821,Tsx
1822,Ttc12
1823,Ttc25
1824,Ttc26
1825,Ttc3
1826,Ttc39a
1827,Ttk
1828,Ttpal
1829,Tuba1a
1830,Tuba1b
1831,Tuba1c
1832,Tubb2a
1833,Tubb2b
1834,Tubb4b
1835,Tubb5
1836,Tubb6
1837,Tuft1
1838,Tusc3
1839,Twf1
1840,Tyro3
1841,Ubald1
1842,Ube2g2
1843,Ube3d
1844,Uck2
1845,Ugcg
1846,Ugt1a2
1847,Uhrf1
1848,Umps
1849,Unc13b
1850,Unc5b
1851,Unc79
1852,Upp1
1853,Usp22
1854,Usp43
1855,Usp46
1856,Uxs1
1857,Vars
1858,Vasp
1859,Vcan
1860,Vcl
1861,Vegfc
1862,Vezt
1863,Vim
1864,Vldlr
1865,Vmp1
1866,Vps36
1867,Vps37c
1868,Vps9d1
1869,Vrk2
1870,Vsig10
1871,Vwa7
1872,Wbscr17
1873,Wdr1
1874,Wdr91
1875,Wnk2
1876,Wnt7a
1877,Xirp2
1878,Xrcc6bp1
1879,Yars
1880,Ypel4
1881,Ywhag
1882,Ywhah
1883,Zbed3
1884,Zbtb25
1885,Zbtb42
1886,Zc3h12a
1887,Zc3h12c
1888,Zc3h12d
1889,Zcchc12
1890,Zdhhc13
1891,Zfand2a
1892,Zfp295
1893,Zfp367
1894,Zfp438
1895,Zfp57
1896,Zfp583
1897,Zfp64
1898,Zfp641
1899,Zfp90
1900,Zfp951
1901,Zfp955a
1902,Zfyve19
1903,Zmat3
1904,Zyx
1905,A1bg
1906,Abcb1a
1907,Abcg2
1908,Abcg3l1
1909,Abhd6
1910,Acot11
1911,Actg2
1912,Adamts3
1913,Add3
1914,Adgrf3
1915,Adra2b
1916,Aig1
1917,Akna
1918,Akr1b10
1919,Aldh1a3
1920,Aldh3b1
1921,Alyref
1922,Amy2a3
1923,Anp32b
1924,Aoc3
1925,Apba2
1926,Aqp5
1927,Arhgef25
1928,Arl5c
1929,Arrb1
1930,Art4
1931,Artn
1932,Aspn
1933,Atf7ip2
1934,Atp1b2
1935,Atp6v1b2
1936,Atp6v1d
1937,B3galt5
1938,B4galnt4
1939,B4galt1
1940,B4galt4
1941,Bcam
1942,Bcar3
1943,Bcl11b
1944,Bdkrb2
1945,Bdnf
1946,Bend5
1947,Bhlhb9
1948,Bhlhe22
1949,Bicd1
1950,Bmp4
1951,Bmx
1952,Bnc2
1953,Bscl2
1954,Bspry
1955,Cacna2d1
1956,Cadps
1957,Camk2g
1958,Camkk2
1959,Cand2
1960,Cap2
1961,Capn5
1962,Casc4
1963,Casp3
1964,Cav1
1965,Cbr1
1966,Cbx3
1967,Ccdc146
1968,Cd2
1969,Cd34
1970,Cd3d
1971,Cd3e
1972,Cd40
1973,Cd5
1974,Cd6
1975,Cd83
1976,Cdc14a
1977,Cdc6
1978,Cdcp1
1979,Cdh11
1980,Cdh6
1981,Ceacam20
1982,Cel
1983,Cela1
1984,Cela2a
1985,Cela3b
1986,Celf5
1987,Cers5
1988,Ces2j
1989,Chp2
1990,Chpf
1991,Chrm3
1992,Cited1
1993,Clca2
1994,Clca4
1995,Cldn5
1996,Cldn7
1997,Cldn8
1998,Clic5
1999,Clstn2
2000,Cnn1
2001,Coprs
2002,Cpa1
2003,Cpa2
2004,Cpb1
2005,Cpe
2006,Cpne7
2007,Cr2
2008,Creb3l4
2009,Crip1
2010,Crispld2
2011,Crocc
2012,Csf3r
2013,Cspg4
2014,Cst3
2015,Ctrc
2016,Ctrl
2017,Cttnbp2
2018,Cuzd1
2019,Cyp2c12
2020,Cyp3a62
2021,Cys1
2022,Cyyr1
2023,Dact3
2024,Dcdc2
2025,Dclk3
2026,Ddah2
2027,Degs2
2028,Depdc5
2029,Dkk4
2030,Dmrta1
2031,Dnajb7
2032,Dnajc27
2033,Dnm1
2034,Dock6
2035,Dok2
2036,Dpep1
2037,Dph6
2038,Dscc1
2039,Dtx3
2040,Duox2
2041,Dusp18
2042,Dync2li1
2043,Ebf1
2044,Ece2
2045,Eci1
2046,Efcc1
2047,Efhc2
2048,Efhd1
2049,Efna4
2050,Egr3
2051,Ehf
2052,Eif1ax
2053,Eif2s3x
2054,Elovl7
2055,Emp2
2056,Epcam
2057,Epha4
2058,Ephb3
2059,Erp27
2060,Esrp1
2061,Evpl
2062,F2rl1
2063,F3
2064,Fam101b
2065,Fam107a
2066,Fam109b
2067,Fam129c
2068,Fam26f
2069,Fam83f
2070,Fam84a
2071,Fbln5
2072,Fcgbp
2073,Fcmr
2074,Fermt1
2075,Fgfr2
2076,Fhl1
2077,Filip1
2078,Fkbp11
2079,Fndc8
2080,Fntb
2081,Frem2
2082,Frmd8
2083,Fry
2084,Fus
2085,Fut1
2086,Fut4
2087,Fut8
2088,Fv1
2089,Fxyd3
2090,Gabrp
2091,Galnt7
2092,Gan
2093,Gas5
2094,Gas6
2095,Gas8
2096,Gcnt3
2097,Ggh
2098,Ggn
2099,Gimap4
2100,Gimap9
2101,Gipc2
2102,Gjb2
2103,Glis2
2104,Gorab
2105,Gpat2
2106,Gpbar1
2107,Gpd2
2108,Gprc5b
2109,Grik5
2110,Gsn
2111,Gtf2f1
2112,Hadhb
2113,Hap1
2114,Has2
2115,Hdc
2116,Hid1
2117,Hk1
2118,Hmcn1
2119,Hpgd
2120,Hr
2121,Hs3st1
2122,Igf1r
2123,Igf2
2124,Igsf1
2125,Igsf9
2126,Il13ra2
2127,Il1r1
2128,Il2ra
2129,Ildr1
2130,Inpp4b
2131,Irak1bp1
2132,Itgb4
2133,Itgb7
2134,Itgbl1
2135,Itpr3
2136,Izumo1
2137,Kcnb1
2138,Kcnip4
2139,Kcnk1
2140,Kcnq1
2141,Kcnq3
2142,Kcns3
2143,Kcnv2
2144,Kif26a
2145,Kif5a
2146,Kif5c
2147,Klf5
2148,Klf7
2149,Krt19
2150,Lad1
2151,Lama4
2152,Lamb2
2153,Lca5
2154,Lck
2155,Ldb2
2156,Ldha
2157,Lefty2
2158,Lepr
2159,Lgals2
2160,Lgi4
2161,Lmnb2
2162,Lmod1
2163,Lnc215
2164,LOC100365112
2165,LOC100910558
2166,LOC302022
2167,LOC498222
2168,LOC654482
2169,LOC680227
2170,LOC681383
2171,LOC688452
2172,LOC689766
2173,LOC689986
2174,Loxl4
2175,Lrrc1
2176,Lrrc49
2177,Lrrc52
2178,Lrrc75b
2179,Lrrc8e
2180,Lrrcc1
2181,Lsp1
2182,Maged2
2183,Mall
2184,Maml3
2185,Map2
2186,Map4k2
2187,Mapt
2188,Mcpt1l1
2189,Mdga1
2190,Mecom
2191,Megf6
2192,Meox1
2193,Mfap3l
2194,Mfsd9
2195,Mgat3
2196,Micb
2197,Mir155hg
2198,Mir199a2
2199,Misp
2200,Mlph
2201,Mmd
2202,Mmp28
2203,Mmp7
2204,Mogat2
2205,Mphosph6
2206,Mpp4
2207,Mrgprf
2208,Mrpl49
2209,Mrvi1
2210,Ms4a8
2211,Msantd1
2212,Mst1r
2213,Mthfd2l
2214,Mturn
2215,Muc1
2216,Mustn1
2217,Myh11
2218,Myh14
2219,Myh7b
2220,Myl9
2221,Myocd
2222,Myrip
2223,Nbl1
2224,Nck2
2225,Ndc1
2226,Nedd9
2227,Nexn
2228,Nfatc2
2229,Nhs
2230,Nkd1
2231,Nlgn3
2232,Nme4
2233,Notch3
2234,Nov
2235,Npb
2236,Nrcam
2237,Nsg2
2238,Ogn
2239,Olfm4
2240,Oraov1
2241,Osbpl6
2242,Osgepl1
2243,Osr1
2244,P2rx1
2245,P2ry2
2246,Pacsin1
2247,Padi2
2248,Pamr1
2249,Paqr6
2250,Parm1
2251,Pbdc1
2252,Pcbp3
2253,Pcdh17
2254,Pcdhb12
2255,Pcdhb5
2256,Pck2
2257,PCOLCE2
2258,Pdcd1
2259,Pde4a
2260,Pde6c
2261,Peg12
2262,Peg3
2263,Pfn2
2264,Phgdh
2265,Phlda3
2266,Pi16
2267,Pla2g1b
2268,Pla2g2d
2269,Plagl1
2270,Podxl
2271,Pof1b
2272,Pola2
2273,Pou2af1
2274,Ppip5k1
2275,Ppp1r1b
2276,Ppp1r36
2277,Ppp2r2b
2278,Prlr
2279,Prmt1
2280,Prmt2
2281,Prnp
2282,Prom1
2283,Psapl1
2284,Psmb10
2285,Pspc1
2286,Ptgir
2287,Ptma
2288,Ptpn14
2289,Ptpru
2290,Ptprz1
2291,Rab19
2292,Rab25
2293,Rab27b
2294,Rab30
2295,Rab3d
2296,Rasgrf2
2297,Rasgrp4
2298,Rbm43
2299,Rbp2
2300,Rbpj
2301,Rcn2
2302,Rcn3
2303,Recql4
2304,Relt
2305,Rftn1
2306,RGD1304624
2307,RGD1304694
2308,RGD1306739
2309,RGD1562284
2310,RGD1562608
2311,RGD1562699
2312,RGD1564124
2313,RGD1565367
2314,RGD1566401
2315,Rgs14
2316,Rhbg
2317,Rhoj
2318,Rhov
2319,Ric3
2320,Rnf208
2321,Rnf219
2322,Rnpepl1
2323,Robo2
2324,Ros1
2325,Rrp9
2326,Rtn4r
2327,Sall2
2328,Scara3
2329,Scarf2
2330,Scn3a
2331,Scn7a
2332,Scube1
2333,Sdk2
2334,Sele
2335,Sema3e
2336,Sema3f
2337,Sema3g
2338,Sema4a
2339,Sema5a
2340,Sema7a
2341,Sep-08
2342,Serpinb1a
2343,Sertad4
2344,Sestd1
2345,Sfrp2
2346,Sh3bgr
2347,Sh3gl2
2348,Sh3rf2
2349,Ska2
2350,Slc12a2
2351,Slc14a1
2352,Slc1a2
2353,Slc22a15
2354,Slc25a27
2355,Slc26a9
2356,Slc29a3
2357,Slc39a5
2358,Slc3a2
2359,Slc4a3
2360,Slc5a1
2361,Slc5a10
2362,Slco3a1
2363,Slfnl1
2364,Slit2
2365,Slitrk4
2366,Smarcd1
2367,Sncaip
2368,Sncg
2369,Sned1
2370,Snhg11
2371,Snx10
2372,Snx29
2373,Spats1
2374,Spdef
2375,Speg
2376,Spint1
2377,Spns2
2378,Sptbn4
2379,Sptssb
2380,Srpx
2381,Stk26
2382,Stk39
2383,Stx1a
2384,Stx1b
2385,Sult5a1
2386,Susd3
2387,Syne3
2388,Synpo2
2389,Syt7
2390,Tacstd2
2391,Tcf21
2392,Tcf3
2393,Tcp11l1
2394,Tdh
2395,Tenm3
2396,Tll1
2397,Tm4sf1
2398,Tm4sf20
2399,Tm7sf3
2400,Tmc4
2401,Tmc5
2402,Tmem154
2403,Tmem179
2404,Tmem184a
2405,Tmem67
2406,Tmem72
2407,Tnfaip2
2408,Tnk1
2409,Tnnt2
2410,Tns4
2411,Tnxa-ps1
2412,Tox
2413,Tpbg
2414,Tpd52l1
2415,Tpm2
2416,Tppp3
2417,Trim24
2418,Trim46
2419,Trim47
2420,Trpc6
2421,Tspan11
2422,Tspan2
2423,Tspan8
2424,Tspan9
2425,Ttbk1
2426,Ttc8
2427,Ttc9
2428,Ttll10
2429,Txndc5
2430,Ugt1a9
2431,Urm1
2432,Usp13
2433,Usp54
2434,Utp18
2435,Vamp1
2436,Vil1
2437,Vipr2
2438,Vnn1
2439,Vopp1
2440,Vsx1
2441,Vtcn1
2442,Vwf
2443,Wars
2444,Wbp5
2445,Wdr35l
2446,Wdr4
2447,Wisp2
2448,Wnt5a
2449,Wt1
2450,Zc2hc1a
2451,Zfp202
2452,Zfp287
2453,Zfp385d
2454,Zfp39
2455,Zfp521
2456,Zfp579
2457,Zfpm2
2458,Zwint
2459,Acpp
2460,Acsl5
2461,Acss2
2462,Anp32a
2463,Atat1
2464,C4b
2465,C9
2466,Cacnb4
2467,Cd72
2468,Ciz1
2469,Commd6
2470,Copz2
2471,Cp
2472,Dhcr7
2473,Dlat
2474,Dsc2
2475,Ern1
2476,Eva1a
2477,Farp2
2478,G6pd
2479,Gna12
2480,Hjurp
2481,Hp
2482,Il17rb
2483,Irs3
2484,Itih4
2485,Itpk1
2486,LOC680254
2487,Map7d1
2488,Mapk9
2489,Mir3577
2490,Naprt1
2491,Ncr3
2492,Nxn
2493,Pcsk6
2494,Prg4
2495,Ptk6
2496,Rassf6
2497,Rfx6
2498,RGD1309079
2499,Secisbp2l
2500,Sgk2
2501,Srd5a1
2502,Tcirg1
2503,Tlr1
2504,Tm6sf2
2505,Tmem140
2506,Tmem170a
2507,Tmem176a
2508,Tmem176b
2509,Ulk1
2510,Zfp385a
2511,Abcc5
2512,Abcg8
2513,Abhd5
2514,Ablim3
2515,Acsl4
2516,Adck5
2517,Ak6
2518,Amigo1
2519,Aox3
2520,Apoa5
2521,Arhgef3
2522,Armcx3
2523,Asl
2524,Atp8b1
2525,Cav2
2526,Ccdc152
2527,Ccnd1
2528,Chmp4c
2529,Cks1b
2530,Ctr9
2531,Dab1
2532,Dap
2533,Egfr
2534,Exosc2
2535,Fabp7
2536,Fastkd1
2537,Fgl1
2538,Fmo3
2539,Fn1
2540,Glyatl1
2541,Got1
2542,Gpatch4
2543,Gys2
2544,Hemk1
2545,Ifitm3
2546,Igf1
2547,Igfals
2548,Igfbp2
2549,Il6st
2550,Irs2
2551,Klkb1
2552,Lect2
2553,LOC299282
2554,Lpin1
2555,Mug1
2556,Nol8
2557,Nup98
2558,Plcxd2
2559,Plekhb1
2560,Pnpla7
2561,Ppargc1a
2562,Prelid2
2563,Prps1
2564,Ptpn9
2565,Qrsl1
2566,Qsox1
2567,Rarres1
2568,RGD1309362
2569,Rhpn2
2570,Rpl23
2571,Sat2
2572,Slc1a3
2573,Slc25a15
2574,Slc30a3
2575,Socs2
2576,Sult1c3
2577,Tlr2
2578,Tmem144
2579,Tpst1
2580,Uap1l1
2581,Wsb1
2582,Xrcc2
2583,Zfp593
2584,Abcc2
2585,Abcg5
2586,Abhd2
2587,Ac1576
2588,Adcy10
2589,Ager
2590,Amacr
2591,Angptl2
2592,Apcs
2593,Aqp9
2594,Arntl2
2595,Ascl1
2596,C1qtnf3
2597,Cacnb2
2598,Cadm4
2599,Camk2n1
2600,Casp6
2601,Ccdc28b
2602,Cd320
2603,Cda
2604,Celsr2
2605,Cgrrf1
2606,Cish
2607,Cldn3
2608,Csrp1
2609,Cyp2t1
2610,Dnajb9
2611,Dnase2
2612,Dusp14
2613,Ednra
2614,Eef2k
2615,Efna5
2616,Eif1a
2617,Epb41l1
2618,Erlin1
2619,Fam117b
2620,Fmo1
2621,Fzd5
2622,Gadd45g
2623,Gch1
2624,Gfra1
2625,Gne
2626,Gpr146
2627,Hacl1
2628,Hao2
2629,Hsd17b2
2630,Kcnh1
2631,Kdm6b
2632,Klf9
2633,Lgr4
2634,Lhx6
2635,Lin7a
2636,LOC259244
2637,LOC680200
2638,Lox
2639,Lpar2
2640,Lppr1
2641,Ltc4s
2642,Lurap1
2643,Med4
2644,Mir290
2645,Mir291a
2646,Mir292
2647,Mir3589
2648,Mmd2
2649,Mup4
2650,Mup5
2651,Nat8
2652,Nhlrc1
2653,Nme6
2654,Nox4
2655,Nsmf
2656,Nxt2
2657,Oaf
2658,Onecut1
2659,Pcdh7
2660,Pde3b
2661,Pde4b
2662,Pdp2
2663,Pja1
2664,Pla2g12a
2665,Prex2
2666,Prkab1
2667,Prrg1
2668,Ptger3
2669,Ptpn13
2670,Pus7
2671,Pxylp1
2672,Pzp
2673,Ren
2674,RGD1564804
2675,Rgs3
2676,Rgsl2h
2677,Rnf144b
2678,Sds
2679,Serpina3c
2680,Slc29a4
2681,Slc2a1
2682,Slc41a1
2683,Slc44a4
2684,Slc46a1
2685,Slc6a12
2686,Slc7a2
2687,Smagp
2688,Smo
2689,Sntb2
2690,Spry1
2691,Srsf3
2692,Sult1c2
2693,Sult1c2a
2694,Sult2a1
2695,Tacr1
2696,Tenm2
2697,Terc
2698,Tfcp2
2699,Tmem163
2700,Tspan12
2701,Ush2a
2702,Wdsub1
2703,Xbp1
2704,Xk
2705,Zdhhc23
2706,Zfp275
2707,Zfp37
2708,A1i3
2709,Aadat
2710,Aamdc
2711,Abca8a
2712,Abcb7
2713,Abcc6
2714,Abhd1
2715,Abhd14a
2716,Abhd14b
2717,Acadsb
2718,Acbd4
2719,Ace2
2720,Ackr2
2721,Acnat2
2722,Acot12
2723,Acot5
2724,Acox2
2725,Acox3
2726,Acsf2
2727,Acss3
2728,Acy1
2729,Acy3
2730,Adamts7
2731,Adap2
2732,Adgre1
2733,Adh4
2734,Adh5
2735,Adh6
2736,Adhfe1
2737,Afm
2738,Agmat
2739,Agmo
2740,Agpat6
2741,Agt
2742,Ahctf1
2743,Ahsg
2744,Akap5
2745,Akap6
2746,Akap8l
2747,Aknad1
2748,Akr1c14
2749,Akr1c19
2750,Akr1c2
2751,Akr7a2
2752,Alad
2753,Alas1
2754,Aldh3a2
2755,Aldh9a1
2756,Alkbh7
2757,Als2cr12
2758,Amdhd1
2759,Ammecr1l
2760,Anapc11
2761,Ang
2762,Ankrd46
2763,Ankrd55
2764,Anks4b
2765,Anxa3
2766,Aph1b
2767,Aplp1
2768,Apoc1
2769,Apoc2
2770,Apoc3
2771,Apoc4
2772,Apof
2773,Apoh
2774,Apon
2775,Arhgap8
2776,Asb2
2777,Asgr1
2778,Asgr2
2779,Aspdh
2780,Aspg
2781,Ass1
2782,Astn2
2783,Atg9a
2784,Atp2c1
2785,Atp6ap1l
2786,Atp7b
2787,Auh
2788,Azgp1
2789,B3gnt5
2790,B4galnt1
2791,Baat
2792,Bace1
2793,Bank1
2794,Bcan
2795,Bcat2
2796,Bdh1
2797,Best3
2798,Blk
2799,Blvrb
2800,Bmf
2801,Bsn
2802,Btla
2803,C1qa
2804,C1qb
2805,C1qc
2806,C1rl
2807,C2cd2l
2808,C8a
2809,C8b
2810,Cabp1
2811,Cabp5
2812,Cacna1d
2813,Capn11
2814,Car3
2815,Casr
2816,Cat
2817,Cbs
2818,Cbx2
2819,Cbx7
2820,Ccbl1
2821,Ccbl2
2822,Ccdc126
2823,Ccl26
2824,Ccl5
2825,Ccl6
2826,Ccnf
2827,Cd163
2828,Cd19
2829,Cd22
2830,Cd274
2831,Cd302
2832,Cd5l
2833,Cd7
2834,Cd74
2835,Cd79b
2836,Cdip1
2837,Cdk2ap2
2838,Cdkn1c
2839,Cdo1
2840,Cebpa
2841,Cecr2
2842,Cep295
2843,Ces1c
2844,Ces1d
2845,Ces1e
2846,Ces2e
2847,Ces2h
2848,Cfd
2849,Cfhr1
2850,Cfp
2851,Chac2
2852,Chdh
2853,Chodl
2854,Ciart
2855,Cideb
2856,Ciita
2857,Clcn2
2858,Clec4f
2859,Clic2
2860,Clk4
2861,Clmn
2862,Cmah
2863,Cml1
2864,Cml2
2865,Cml5
2866,Cnr1
2867,Cntfr
2868,Coch
2869,Col4a3
2870,Comt
2871,Cops5
2872,Coq10a
2873,Cox16
2874,Cox6c
2875,Cpamd8
2876,Cpb2
2877,Cpn1
2878,Cpq
2879,Cps1
2880,Creg1
2881,Crp
2882,Cry2
2883,Crym
2884,Ctla2a
2885,Ctnnd2
2886,Ctsa
2887,Ctsc
2888,Ctse
2889,Cxcl12
2890,Cyb5a
2891,Cyp1a2
2892,Cyp27a1
2893,Cyp2b3
2894,Cyp2c11
2895,Cyp2c23
2896,Cyp2d1
2897,Cyp2d3
2898,Cyp2e1
2899,Cyp2f4
2900,Cyp2j3
2901,Cyp3a18
2902,Cyp3a2
2903,Cyp4f1
2904,Cyp4f4
2905,Cyp4f6
2906,Dao
2907,Dbp
2908,Dcaf11
2909,Dctpp1
2910,Dcxr
2911,Ddah1
2912,Ddi2
2913,Ddo
2914,Defb27
2915,Dffb
2916,Dgka
2917,Dgkq
2918,Dhrs3
2919,Dhrs4
2920,Dhtkd1
2921,Dio1
2922,Dmtn
2923,Dnaja1
2924,Dnajc18
2925,Dnajc28
2926,Dpm1
2927,Dpy19l3
2928,Dpyd
2929,Dpys
2930,Dynlt3
2931,Ebp
2932,Eci3
2933,Edar
2934,Efcab3
2935,Egf
2936,Eif4ebp2
2937,Elovl2
2938,Emcn
2939,Eml5
2940,Enpep
2941,Enpp1
2942,Enpp2
2943,Epb41l4b
2944,Epm2aip1
2945,Erbb3
2946,Esd
2947,F10
2948,F11
2949,Faah
2950,Fabp1
2951,Fads6
2952,Fah
2953,Fahd1
2954,Fam126b
2955,Fam162a
2956,Fam20c
2957,Fam55b
2958,Fbp1
2959,Fbxo21
2960,Fcer2
2961,Fcna
2962,Fech
2963,Fetub
2964,Fh
2965,Flcn
2966,Flrt1
2967,Flt3
2968,Fn3k
2969,Fnip2
2970,Folh1
2971,Fpgs
2972,Fyb
2973,Fzd8
2974,G6pc
2975,Gaa
2976,Gab1
2977,Galm
2978,Galnt11
2979,Galnt9
2980,Gcdh
2981,Gclm
2982,Gcsh
2983,Gde1
2984,Gjb1
2985,Gls2
2986,Gltpd2
2987,Glyat
2988,Glyatl2
2989,Glyctk
2990,Gnpnat1
2991,Gpc4
2992,Gpld1
2993,Gpm6a
2994,Gpr155
2995,Gpr31
2996,Gpr81
2997,Gprc5c
2998,Gramd1c
2999,Grb7
3000,Grhpr
3001,Gsta2
3002,Gstm6
3003,Gstt3
3004,Gstz1
3005,Gucy1b2
3006,Gzma
3007,Habp2
3008,Hagh
3009,Hal
3010,Hao1
3011,Hdhd3
3012,Hells
3013,Hes6
3014,Hexdc
3015,Hgd
3016,Hhip
3017,Hint2
3018,Hist1h1d
3019,Hist2h2ab
3020,Hmox2
3021,Hpd
3022,Hpgds
3023,Hpn
3024,Hps4
3025,Hrc
3026,Hrsp12
3027,Hs3st3b1
3028,Hs3st6
3029,Hsd17b10
3030,Hsd17b11
3031,Hsd17b14
3032,Hspb6
3033,Htra1
3034,Hyal1
3035,Hykk
3036,Icam5
3037,Id4
3038,Idh1
3039,Iffo1
3040,Igfbp4
3041,Igsf5
3042,Ihh
3043,Il12b
3044,Il1rap
3045,Il31ra
3046,Il33
3047,Il6r
3048,Inmt
3049,Inpp5b
3050,Iqub
3051,Irs1
3052,Irx1
3053,Itga7
3054,Itpr2
3055,Ivd
3056,Jade1
3057,Kcna2
3058,Kcnd3
3059,Kcnj5
3060,Kcnk2
3061,Kcnk3
3062,Kctd6
3063,Kdr
3064,Klf12
3065,Klf15
3066,Klhl24
3067,Klrd1
3068,Klrg1
3069,Klri1
3070,Kmo
3071,Lace1
3072,Lactb2
3073,Lair1
3074,Lamc3
3075,Lamp2
3076,Lax1
3077,Lcat
3078,Lcn12
3079,Ldb1
3080,Ldhd
3081,Ldlr
3082,Lgals8
3083,Lgsn
3084,Lilra5
3085,Lipa
3086,Lipc
3087,LOC100158225
3088,LOC100360095
3089,LOC100362690
3090,LOC100365773
3091,LOC102552805
3092,LOC252890
3093,LOC298111
3094,LOC497899
3095,LOC499602
3096,LOC683897
3097,LOC689574
3098,Lrp3
3099,Lrp4
3100,Lrp6
3101,Lrrc28
3102,Lrrc56
3103,Lrrc8b
3104,Lrrn3
3105,Ltn1
3106,Lzts3
3107,Man1a1
3108,Maob
3109,Map10
3110,Mapk10
3111,Marc1
3112,Marc2
3113,March6
3114,Mat1a
3115,Mcc
3116,Meiob
3117,Meox2
3118,Met
3119,Mfsd8
3120,MGC93861
3121,Micu2
3122,Mir27b
3123,Mir291b
3124,Mir293
3125,Mir294
3126,Mir3074
3127,Mir802
3128,Mllt3
3129,Mlxipl
3130,Mmaa
3131,Mme
3132,Mospd3
3133,Mpc1
3134,Mpc2
3135,Mpdz
3136,Mphosph8
3137,Mrpl14
3138,Mrpl18
3139,Msrb1
3140,Mtfp1
3141,Myeov2
3142,Mylk3
3143,Mzf1
3144,N4bp2l1
3145,Naa60
3146,Nadk2
3147,Naga
3148,Nags
3149,Narf
3150,Nat6
3151,Nav3
3152,Nbr1
3153,Ncam2
3154,Ncoa2
3155,Ndrg2
3156,Ndst1
3157,Ndufa10l1
3158,Ndufa6
3159,Negr1
3160,Neu1
3161,Neurl2
3162,Nfib
3163,Nfyb
3164,Nipsnap1
3165,Nit1
3166,Nit2
3167,Nlrp12
3168,Nme3
3169,Nnmt
3170,Npepo
3171,Nqo2
3172,Nr1d1
3173,Nr1d2
3174,Nr2f2
3175,Nr3c1
3176,Nrep
3177,Nrn1
3178,Nrtn
3179,Nrxn3
3180,Ntn3
3181,Ntng1
3182,Ntrk1
3183,Ntsr1
3184,Nudt12
3185,Nudt16
3186,Nupr1l
3187,Nxnl2
3188,Oard1
3189,Obp3
3190,Olr1584
3191,Olr1585
3192,Olr35
3193,Opn3
3194,Os9
3195,Ovol3
3196,P2ry13
3197,Pah
3198,Papss2
3199,Paqr9
3200,Park2
3201,Pax5
3202,Pbld1
3203,Pbx1
3204,Pcbd1
3205,Pcbp4
3206,Pcdh11x
3207,Pcdhac2
3208,Pck1
3209,Pclo
3210,Pde11a
3211,Pde4c
3212,Pdia4
3213,Pdzk1
3214,Pecr
3215,Peli3
3216,Pemt
3217,Per3
3218,Pfdn2
3219,Pgrmc1
3220,Phlpp2
3221,Phyhd1
3222,Pik3c3
3223,Pim3
3224,Pink1
3225,Pla2g15
3226,Plag1
3227,Plcb1
3228,Plg
3229,Plvap
3230,Polr2h
3231,Polr2i
3232,Polr3gl
3233,Pon1
3234,Pon3
3235,Por
3236,Pou3f1
3237,Pou6f1
3238,Ppa1
3239,Ppa2
3240,Ppap2b
3241,Ppara
3242,Ppfibp2
3243,Ppif
3244,Ppox
3245,Ppp1r15b
3246,Ppp4r4
3247,Pqlc1
3248,Pqlc2
3249,Prdm9
3250,Prdx4
3251,Prdx5
3252,Prf1
3253,Prkcb
3254,Prkd3
3255,Prodh
3256,Prodh2
3257,Proz
3258,Psenen
3259,Psmc3
3260,Psmc6
3261,Pstpip2
3262,Ptch1
3263,Ptgs1
3264,Ptpn22
3265,Ptprh
3266,Ptprq
3267,Pvrl3
3268,Pxmp2
3269,Pyroxd2
3270,Rab3a
3271,Rad54l2
3272,Ranbp17
3273,Rasgrp1
3274,Rassf7
3275,Rbl2
3276,Rbm38
3277,Rbm47
3278,Rbp4
3279,Rcbtb2
3280,Rdh7
3281,RGD1305347
3282,RGD1307461
3283,RGD1307537
3284,RGD1307603
3285,RGD1309350
3286,RGD1561778
3287,RGD1563482
3288,RGD1564614
3289,RGD1566134
3290,RGD1566386
3291,Rgn
3292,Rgs9bp
3293,Rhbdl3
3294,Rnase11
3295,Rnase13
3296,Rnase4
3297,Rnd2
3298,rnf141
3299,Rnf186
3300,Ror1
3301,Rpain
3302,Rpp21
3303,Rpusd3
3304,Rspo2
3305,Rsrp1
3306,RT1-Da
3307,RT1-Db1
3308,RT1-DOa
3309,RT1-DOb
3310,Rtn4rl2
3311,Rtp3
3312,Rundc3b
3313,Rup2
3314,Samd11
3315,Satb1
3316,Sc5d
3317,Scin
3318,Sclt1
3319,Scrn1
3320,Scrn2
3321,Scrt2
3322,Sdc2
3323,Sdf2l1
3324,Sdf4
3325,Sdr42e1
3326,Sebox
3327,Sec14l2
3328,Sel1l
3329,Selenbp1
3330,Selo
3331,Selp
3332,Sema4g
3333,Sepp1
3334,Serpina1
3335,Serpina6
3336,Serpinc1
3337,Serpind1
3338,Serpinf2
3339,Sfxn2
3340,Sfxn5
3341,Sh3gl3
3342,Shmt1
3343,Sla2
3344,Slamf7
3345,Slc10a1
3346,Slc10a5
3347,Slc13a2
3348,Slc13a3
3349,Slc16a10
3350,Slc16a12
3351,Slc16a2
3352,Slc16a4
3353,Slc17a2
3354,Slc17a4
3355,Slc19a2
3356,Slc20a2
3357,Slc22a1
3358,Slc22a17
3359,Slc22a23
3360,Slc22a6
3361,Slc22a7
3362,Slc22a8
3363,Slc23a1
3364,Slc25a30
3365,Slc25a33
3366,Slc2a9
3367,Slc31a1
3368,Slc33a1
3369,Slc35e2b
3370,Slc37a4
3371,Slc38a3
3372,Slc38a4
3373,Slc43a1
3374,Slc46a3
3375,Slc47a2
3376,Slc7a10
3377,Slc8b1
3378,Slc9a3r1
3379,Slc9a7
3380,Slco1a1
3381,Slco1a2
3382,Slco1b2
3383,Slco2b1
3384,Slco5a1
3385,Smlr1
3386,Smoc1
3387,Sod3
3388,Sorbs3
3389,Sord
3390,Sox6
3391,Spag1
3392,Spata25
3393,Spata3
3394,Spic
3395,Spp2
3396,Sptssa
3397,St6galnac3
3398,St8sia6
3399,Stac3
3400,Stard4
3401,Stat2
3402,Stim2
3403,Stox2
3404,Sts
3405,Styx
3406,Sucla2
3407,Suox
3408,Syce2
3409,Syde2
3410,Synpo2l
3411,Synrg
3412,Syt3
3413,Taf5l
3414,Tat
3415,Tbc1d14
3416,Tbck
3417,Tceb2
3418,Tcp1
3419,Tcp11l2
3420,Tdrkh
3421,Tef
3422,Terf1
3423,Tert
3424,Tfdp2
3425,Tfr2
3426,Thrb
3427,Thumpd1
3428,Thumpd2
3429,Timeless
3430,Tlr11
3431,Tlr12
3432,Tm7sf2
3433,Tmc3
3434,Tmem117
3435,Tmem132b
3436,Tmem150a
3437,Tmem159
3438,Tmem19
3439,Tmem205
3440,Tmem218
3441,Tmem41b
3442,Tmem47
3443,Tmem63a
3444,Tmlhe
3445,Tmpo
3446,Tnnt1
3447,Tom1l1
3448,Tp53i13
3449,Tpcn1
3450,Tpmt
3451,Tppp
3452,Tram1
3453,Trappc2b
3454,Trhde
3455,Trpm3
3456,Tssk6
3457,Tst
3458,Ttc39c
3459,Ttpa
3460,Ttr
3461,Tuba3a
3462,Txndc11
3463,Txndc17
3464,Txnrd2
3465,Tyw5
3466,Ube2d4
3467,Ugp2
3468,Ugt2b1
3469,Ugt2b10
3470,Ugt2b15
3471,Ulk2
3472,Ung
3473,Upp2
3474,Usp2
3475,Usp49
3476,Ust5r
3477,Uxt
3478,Vamp7
3479,Vipr1
3480,Vom1r100
3481,Vom1r99
3482,Vsig4
3483,Vtn
3484,Wasf1
3485,Wfdc1
3486,Xcr1
3487,Xkr8
3488,Xpnpep2
3489,Xylb
3490,Zbtb26
3491,Zbtb38
3492,Zbtb43
3493,Zcchc11
3494,Zfat
3495,Zfp213
3496,Zfp251
3497,Zfp266
3498,Zfp292
3499,Zfp386
3500,Zfp394
3501,Zfp467
3502,Zfp472
3503,Zfp597
3504,Zfp7
3505,Zfyve21
3506,Zkscan5
3507,Zrsr1
3508,AA926063
3509,Aass
3510,Abcb11
3511,Abtb2
3512,Acacb
3513,Acad10
3514,Acbd5
3515,Acmsd
3516,Acsbg1
3517,Acsm3
3518,Adamts1
3519,Adcy1
3520,Adgrf5
3521,Adk
3522,Adrb1
3523,Aff1
3524,Agfg2
3525,Aif1
3526,Ak3
3527,Akr1c1
3528,Akr1c12
3529,Akr1c12l1
3530,Akr1c3
3531,Akr1e2
3532,Alb
3533,Aldh2
3534,Aldh4a1
3535,Aldh7a1
3536,Als2
3537,Ampd2
3538,Amy1a
3539,Aox1
3540,Apold1
3541,Apom
3542,Arg1
3543,Arl5b
3544,Art2b
3545,Asb16
3546,Aspa
3547,Atp13a5
3548,Atp5e
3549,Atrn
3550,Avpr1a
3551,Bach1
3552,Banp
3553,Batf3
3554,Bmp2
3555,Bnip3
3556,Bola1
3557,C6
3558,Car1
3559,Car14
3560,Ccdc117
3561,Ccdc148
3562,Cd200r1
3563,Cd38
3564,Cd4
3565,Cdc42bpg
3566,Cend1
3567,Cep85l
3568,Chrna5
3569,Cib2
3570,Cited2
3571,Clec1b
3572,Clec9a
3573,Cndp1
3574,Col13a1
3575,Colec10
3576,Coq10b
3577,Corin
3578,Cox7a2
3579,Cox7b
3580,Crebrf
3581,Crem
3582,Csf1r
3583,Csrnp3
3584,Ctbs
3585,Ctsf
3586,Ctss
3587,Cyb5d2
3588,Cyb5r3
3589,Cyp2a2
3590,Cyp2c13
3591,Cyp2d5
3592,Cyp2j4
3593,Cyp39a1
3594,Cyp3a23/3a1
3595,Cyp4a2
3596,Cyp4a8
3597,Cyp4v3
3598,Cyp7b1
3599,Dbt
3600,Dcaf13
3601,Ddt
3602,Ddx3
3603,Dexi
3604,Dhrs7
3605,Dnase1l3
3606,Dpp6
3607,Dusp26
3608,Echdc3
3609,Echs1
3610,Ecm1
3611,Edem1
3612,Ehd3
3613,Eif2s3y
3614,Eif4ebp3
3615,Elmod3
3616,Emid1
3617,Emr4
3618,Endog
3619,Enpp3
3620,Epha3
3621,Eri2
3622,Errfi1
3623,Esrrg
3624,Exosc5
3625,F13b
3626,F2
3627,F9
3628,Fam213a
3629,Fam217a
3630,Fam46a
3631,Fam98c
3632,Fastkd3
3633,Fbxo31
3634,Fdft1
3635,Fgd2
3636,Fkbp8
3637,Fmo4
3638,Fmo5
3639,Foxa1
3640,Foxo1
3641,Foxo3
3642,Fras1
3643,Ftcd
3644,Fzd1
3645,Ganc
3646,Gc
3647,Gcnt2
3648,Gdpd1
3649,Gemin6
3650,Ghdc
3651,Gimd1
3652,Gpr19
3653,Gpr68
3654,Gria2
3655,Gstm7
3656,Gstt2
3657,Gucd1
3658,H6pd
3659,Hba2
3660,Hfe
3661,Hibadh
3662,Hoga1
3663,Hook1
3664,Hrg
3665,Hs3st3a1
3666,Hsd17b12
3667,Hsd17b13
3668,Hsd3b5
3669,Hsd3b6
3670,Hspb11
3671,Ifi27
3672,Il10
3673,Il1a
3674,Il1b
3675,Ing1
3676,Ip6k2
3677,Irf2bpl
3678,Irx5
3679,Itch
3680,Itgb1bp2
3681,Itih1
3682,Ivns1abp
3683,Jph3
3684,Kcnj16
3685,Klhl7
3686,LOC100125368
3687,LOC102723236
3688,LOC287167
3689,LOC500124
3690,LOC500300
3691,LOC685157
3692,LOC685406
3693,LOC689064
3694,LOC691153
3695,Lrat
3696,Lrg1
3697,Lrrc40
3698,Lrrc58
3699,Lrrc8c
3700,Lyve1
3701,Mafb
3702,Malsu1
3703,Mapk8ip1
3704,Marco
3705,Marveld3
3706,Mcart1
3707,Mccc1
3708,Mccc2
3709,Mcee
3710,Med31
3711,Mettl20
3712,Mettl23
3713,Mettl7a
3714,Mfsd6
3715,Mgst2
3716,Mir3556b
3717,Mir568
3718,Mkrn1
3719,Mmp16
3720,Mpnd
3721,Mpped1
3722,Mpst
3723,Mrc1
3724,Mrps21
3725,Ms4a6bl
3726,Mst1
3727,Mthfd1
3728,Mtss1
3729,Mug2
3730,Mvk
3731,Ncoa4
3732,Ndrg3
3733,Ndufa1
3734,Ndufa2
3735,Ndufa4
3736,Ndufb11
3737,Neu2
3738,Nfil3
3739,Ngef
3740,Ninj2
3741,Nmral1
3742,Noct
3743,Notum
3744,Nprl2
3745,Nr1i2
3746,Nr5a2
3747,Nrbf2
3748,Ntm
3749,Ntpcr
3750,Nuak2
3751,Nudt4
3752,Ogfod3
3753,Olr1058
3754,Omd
3755,Otc
3756,Oxnad1
3757,P2ry14
3758,Papd7
3759,Pcca
3760,Pcdhga1
3761,Pcsk1
3762,Pddc1
3763,Pdia5
3764,Pdk2
3765,Pex26
3766,Pfkfb1
3767,Phf19
3768,Phtf1
3769,Phtf2
3770,Pigc
3771,Pign
3772,Pigr
3773,Pigu
3774,Pik3r1
3775,Pipox
3776,Pitpnm1
3777,Pkdcc
3778,Pld4
3779,Plekhf1
3780,Pls1
3781,Pltp
3782,Pm20d1
3783,Pm20d2
3784,Pnp
3785,Polg2
3786,Pou3f3
3787,Ppapdc1a
3788,Pparg
3789,Ppp2r5e
3790,Pptc7
3791,Prkaa2
3792,Prkag3
3793,Prokr1
3794,Pros1
3795,Ptgfr
3796,Ptgr1
3797,Ptp4a1
3798,Ptprg
3799,Pxmp4
3800,Rarres2
3801,Rdh11
3802,Rdh16
3803,Rdm1
3804,Reg4
3805,RGD1304884
3806,RGD1305645
3807,RGD1359508
3808,RGD1562310
3809,RGD1562865
3810,RGD1562963
3811,RGD1563888
3812,RGD1564854
3813,RGD1564865
3814,Rgs18
3815,Rilp
3816,Rmrp
3817,Rnf125
3818,Rnf152
3819,Romo1
3820,RT1-DMb
3821,Rxra
3822,Samd5
3823,Scand1
3824,Sdha
3825,Sdhaf3
3826,Sdsl
3827,Seli
3828,Sema6c
3829,Senp7
3830,Sesn2
3831,Sez6l
3832,Sfxn1
3833,Sh2d4a
3834,Sh3bp5
3835,Siah2
3836,Siglec1
3837,Siglec5
3838,Sik1
3839,Slc10a6
3840,Slc13a5
3841,Slc22a18
3842,Slc22a22
3843,Slc22a25
3844,Slc25a22
3845,Slc25a25
3846,Slc25a32
3847,Slc25a38
3848,Slc25a54
3849,Slc27a5
3850,Slc2a8
3851,Slc38a2
3852,Slc39a8
3853,Slc3a1
3854,Slc40a1
3855,Smim14
3856,Smpdl3a
3857,Sod1
3858,Spice1
3859,Spryd7
3860,Sqrdl
3861,St3gal1
3862,ste2
3863,Syngr1
3864,Tdo2
3865,Tfec
3866,Tgfbi
3867,Tle1
3868,Tlr7
3869,Tmbim6
3870,Tmed4
3871,Tmem132e
3872,Tmem150c
3873,Tmem5
3874,Tmem53
3875,Tmem86b
3876,Tnks2
3877,Tob1
3878,Tp73
3879,Tpte2
3880,Trank1
3881,Trib1
3882,Trpv1
3883,Tsc22d3
3884,Tsen34
3885,Tspy1
3886,Tspyl4
3887,Ttyh3
3888,Ubac1
3889,Ugt2b37
3890,Unc5a
3891,Unc5d
3892,Uqcr10
3893,Uqcr11
3894,Uqcrh
3895,Usp39
3896,Ust
3897,Wasl
3898,Wbscr27
3899,Wdtc1
3900,Whamm
3901,Wwp1
3902,Xkr4
3903,Yod1
3904,Zbtb16
3905,Zbtb20
3906,Zbtb39
3907,Zdhhc4
3908,Zfand6
3909,Zfp189
3910,Zfp354a
3911,Zfp638
3912,Zfp68
3913,Zfp697
3914,Zhx2
3915,Zhx3
3916,Acadm
3917,Ankrd32
3918,Cited4
3919,Clca5
3920,Clstn1
3921,Colq
3922,Cpt1a
3923,Ddr1
3924,Fabp12
3925,Fitm2
3926,Gyltl1b
3927,Hdac2
3928,Ifit1
3929,Kazn
3930,Ldhb
3931,Lmod2
3932,LOC257642
3933,Lyc2
3934,Mboat1
3935,Mcm10
3936,Mphosph9
3937,Nr1i3
3938,Phyh
3939,Pyroxd1
3940,Rbbp4
3941,Rcan2
3942,RGD1308706
3943,RGD1559600
3944,Rhbdd2
3945,Ror2
3946,RT1-CE16
3947,Sgms1
3948,Sidt1
3949,Slc12a3
3950,Slc25a29
3951,Srsf4
3952,Stag1
3953,Stxbp5l
3954,Syt2
3955,Tgm1
3956,Ucma
3957,Ugt2b
3958,Wee1
3959,Zdhhc1
