,gene,property
1,Abcd1,up
2,Adam15,up
3,Add1,up
4,Adra1b,up
5,Afmid,up
6,Ahcy,up
7,Ahdc1,up
8,Akr1c13,up
9,Amotl2,up
10,Angptl3,up
11,Apoa2,up
12,Aqp11,up
13,Arhgef19,up
14,Asb5,up
15,Atp1a3,up
16,Bcar1,up
17,Bche,up
18,Bco2,up
19,Bhlhe40,up
20,C2cd2,up
21,Cadm1,up
22,Cd14,up
23,Cd99l2,up
24,Cers2,up
25,Ces2c,up
26,Ces4a,up
27,Chpt1,up
28,Chst13,up
29,Chst9,up
30,Col27a1,up
31,Cpeb4,up
32,Csrnp2,up
33,Ctnnbip1,up
34,Cyp1a1,up
35,Cyp2c7,up
36,Cyp2d2,up
37,Cyp2d4,up
38,Cyp3a9,up
39,Dcbld2,up
40,Def8,up
41,Dhdds,up
42,Dmgdh,up
43,Dpt,up
44,Dusp1,up
45,Entpd5,up
46,Entpd8,up
47,Ephb6,up
48,Esr1,up
49,Ethe1,up
50,Etnk2,up
51,Evc2,up
52,Extl1,up
53,Fam8a1,up
54,Fgfr3,up
55,G0s2,up
56,Gcat,up
57,Gchfr,up
58,Gck,up
59,Gda,up
60,Gfod2,up
61,Ghr,up
62,Gja5,up
63,Gnat3,up
64,Gnmt,up
65,Gpam,up
66,Gpd1,up
67,Gpr137b,up
68,Gpt,up
69,Gstm2,up
70,Gypc,up
71,Herc3,up
72,Hist1h2bh,up
73,Hist1h4b,up
74,Homer2,up
75,Hrk,up
76,Hsd17b6,up
77,Hsf4,up
78,Il36b,up
79,Il4r,up
80,Inhbe,up
81,Itga5,up
82,Iyd,up
83,Josd2,up
84,Jph4,up
85,Kank1,up
86,Kank2,up
87,Kcnn2,up
88,Kdsr,up
89,Khk,up
90,Kifc3,up
91,Lag3,up
92,Lamb3,up
93,Leap2,up
94,Limk2,up
95,Lingo4,up
96,LOC100361444,up
97,LOC367975,up
98,LOC502176,up
99,LOC688335,up
100,LOC691083,up
101,Lonrf3,up
102,Lrp5,up
103,Lrrc20,up
104,Lrtm2,up
105,Ltbp4,up
106,Mab21l3,up
107,Manea,up
108,Mast3,up
109,Mbp,up
110,Mettl7b,up
111,Mgat4b,up
112,Mgll,up
113,Mgst3,up
114,Micu3,up
115,Mid1ip1,up
116,Mir22,up
117,Mocos,up
118,Mxd4,up
119,Mycl,up
120,Nabp1,up
121,Nav2,up
122,Ntf3,up
123,Obp1f,up
124,Olr59,up
125,Oplah,up
126,Ormdl3,up
127,Otub2,up
128,P2rx5,up
129,P2ry1,up
130,Paqr7,up
131,Pdgfa,up
132,Per2,up
133,Perp,up
134,Pgm1,up
135,Pnliprp2,up
136,Ppp1r10,up
137,Ppp1r3b,up
138,Prss32,up
139,Prtg,up
140,Ptms,up
141,Ptprn,up
142,Ptprs,up
143,Qdpr,up
144,Rab40b,up
145,Rcan1,up
146,Reep6,up
147,RGD1309534,up
148,RGD1309676,up
149,Rhob,up
150,Rhobtb1,up
151,Ripk4,up
152,Rnf181,up
153,Sardh,up
154,Scd1,up
155,Sgcb,up
156,Shroom3,up
157,Slc10a2,up
158,Slc13a4,up
159,Slc16a13,up
160,Slc22a4,up
161,Slc25a10,up
162,Slc2a5,up
163,Slc35d1,up
164,Slc39a4,up
165,Slc41a2,up
166,Slco2a1,up
167,Spink1,up
168,Spink3,up
169,Spry4,up
170,Sri,up
171,St8sia3,up
172,Stk40,up
173,Stx2,up
174,Sult1a1,up
175,Sult1b1,up
176,Tas1r1,up
177,Tcea3,up
178,Tecr,up
179,Thnsl2,up
180,Thrsp,up
181,Tjp3,up
182,Tmem110,up
183,Tmem25,up
184,Trpv6,up
185,Tsc22d1,up
186,Tsku,up
187,Ttc21b,up
188,Ttc36,up
189,Ttll3,up
190,Ugt2b17,up
191,Vangl1,up
192,Vwce,up
193,Wdr6,up
194,Wfdc21,up
195,Abcc5,down
196,Abcg2,down
197,Abcg8,down
198,Abhd5,down
199,Ablim3,down
200,Acsl4,down
201,Adck5,down
202,Ak6,down
203,Amigo1,down
204,Aox3,down
205,Apoa5,down
206,Arhgef3,down
207,Armcx3,down
208,Asl,down
209,Atp8b1,down
210,Cav2,down
211,Ccdc152,down
212,Ccnd1,down
213,Chmp4c,down
214,Cks1b,down
215,Ctr9,down
216,Dab1,down
217,Dap,down
218,Egfr,down
219,Exosc2,down
220,Fabp7,down
221,Fastkd1,down
222,Fgl1,down
223,Fmo3,down
224,Fn1,down
225,Glyatl1,down
226,Got1,down
227,Gpatch4,down
228,Gys2,down
229,Hemk1,down
230,Ifitm3,down
231,Igf1,down
232,Igfals,down
233,Igfbp2,down
234,Il6st,down
235,Irs2,down
236,Klkb1,down
237,Lck,down
238,Lect2,down
239,Lepr,down
240,LOC299282,down
241,Lpin1,down
242,Lysmd2,down
243,Mug1,down
244,Ndufaf4,down
245,Nol8,down
246,Nop56,down
247,Nt5c3b,down
248,Nup98,down
249,Pla2g2d,down
250,Plcxd2,down
251,Plekhb1,down
252,Pnpla7,down
253,Ppargc1a,down
254,Prelid2,down
255,Prps1,down
256,Ptpn9,down
257,Qrsl1,down
258,Qsox1,down
259,Rab30,down
260,Rarres1,down
261,RGD1309362,down
262,RGD1562284,down
263,Rhpn2,down
264,Rpl23,down
265,Sat2,down
266,Slc1a3,down
267,Slc25a15,down
268,Slc30a3,down
269,Socs2,down
270,Sult1c3,down
271,Tlr2,down
272,Tmem144,down
273,Tnfrsf9,down
274,Tpst1,down
275,Uap1l1,down
276,Wsb1,down
277,Xirp2,down
278,Xrcc2,down
279,Zfp202,down
280,Zfp593,down
281,Zfp955a,down
