,gene,property
1,Abcc3,up
2,Acpp,up
3,Acsl5,up
4,Acss2,up
5,Adamts12,up
6,Adamts4,up
7,Agap3,up
8,Aifm2,up
9,Anp32a,up
10,Anxa5,up
11,Appl2,up
12,Arl4d,up
13,Arntl,up
14,Atat1,up
15,Atf4,up
16,B4galt1,up
17,Bst2,up
18,Btg1,up
19,C4b,up
20,C9,up
21,Cacnb4,up
22,Camkk2,up
23,Cblc,up
24,Ccl21,up
25,Cd36,up
26,Cd72,up
27,Ces2a,up
28,Chka,up
29,Chst9,up
30,Ciz1,up
31,Clpx,up
32,Commd6,up
33,Copz2,up
34,Coro1c,up
35,Cp,up
36,Cyp2c7,up
37,Dapk1,up
38,Ddhd1,up
39,Dhcr7,up
40,Disp1,up
41,Dixdc1,up
42,Dlat,up
43,Dmbt1,up
44,Dnm1,up
45,Dsc2,up
46,Ear11,up
47,Efna1,up
48,Elovl6,up
49,Ern1,up
50,Espl1,up
51,Ets2,up
52,Eva1a,up
53,Fabp4,up
54,Farp2,up
55,Fas,up
56,Fasn,up
57,G6pd,up
58,Gale,up
59,Gan,up
60,Gapdh,up
61,Gatsl2,up
62,Gna12,up
63,Gpam,up
64,Gpx2,up
65,Grk5,up
66,Gsta3,up
67,H2afy2,up
68,Hcn3,up
69,Hebp2,up
70,Heph,up
71,Hfe2,up
72,Hip1r,up
73,Hjurp,up
74,Hp,up
75,Hps3,up
76,Hspa4l,up
77,Ikbke,up
78,Il17rb,up
79,Insig1,up
80,Irf1,up
81,Irs3,up
82,Itga5,up
83,Itih4,up
84,Itpk1,up
85,Jph4,up
86,Kank2,up
87,Kcnn2,up
88,Lbp,up
89,Lcn2,up
90,Lnx2,up
91,LOC100361444,up
92,LOC680254,up
93,LOC691083,up
94,Lrp5,up
95,Map7d1,up
96,Mapk4,up
97,Mapk9,up
98,Mbp,up
99,Med12l,up
100,Mical2,up
101,Mid1ip1,up
102,Mir3577,up
103,Mmp8,up
104,Mycl,up
105,Naprt1,up
106,Ncr3,up
107,Nme1,up
108,Nrg1,up
109,Nuak1,up
110,Nxn,up
111,Orm1,up
112,Otub2,up
113,P2rx5,up
114,P2ry2,up
115,Pak1,up
116,Parvb,up
117,Pcolce,up
118,Pcsk6,up
119,Pdlim4,up
120,Perp,up
121,Pgd,up
122,Phactr2,up
123,Plbd1,up
124,Plxna2,up
125,Ppp2r1b,up
126,Prg4,up
127,Prlr,up
128,Prss32,up
129,Psat1,up
130,Psen2,up
131,Ptk2b,up
132,Ptk6,up
133,Rab38,up
134,Rarb,up
135,Rassf6,up
136,Reep6,up
137,Rfx6,up
138,RGD1304694,up
139,RGD1304810,up
140,RGD1305464,up
141,RGD1309079,up
142,RGD1311739,up
143,RGD1565355,up
144,Rnf11l1,up
145,Rnpepl1,up
146,Rp1,up
147,Rpa1,up
148,Rpia,up
149,S100a8,up
150,S100a9,up
151,Scd2,up
152,Secisbp2l,up
153,Sgk2,up
154,Slc39a4,up
155,Slc7a5,up
156,Slco3a1,up
157,Smtnl2,up
158,Sntb1,up
159,Snx12,up
160,Sorcs2,up
161,Spsb4,up
162,Srd5a1,up
163,Stx2,up
164,Stxbp1,up
165,Sult2a6,up
166,Sult4a1,up
167,Svil,up
168,Synj2,up
169,Tcirg1,up
170,Tfpi,up
171,Tjp3,up
172,Tlr1,up
173,Tm6sf2,up
174,Tm7sf3,up
175,Tmcc3,up
176,Tmem140,up
177,Tmem170a,up
178,Tmem176a,up
179,Tmem176b,up
180,Tmem179,up
181,Tmem252,up
182,Tmem97,up
183,Tmie,up
184,Tnfrsf1b,up
185,Tnfrsf9,up
186,Trim24,up
187,Tspan14,up
188,Tspo,up
189,Ttc39a,up
190,Tubb2a,up
191,Tubb2b,up
192,Ulk1,up
193,Vsig10,up
194,Wdr91,up
195,Wfdc21,up
196,Ypel2,up
197,Zfp385a,up
198,Abcg5,down
199,Abcg8,down
200,Abhd14a,down
201,Ablim3,down
202,Acadm,down
203,Afm,down
204,Agpat6,down
205,Agt,down
206,Ahctf1,down
207,Amdhd1,down
208,Ankrd32,down
209,Aox3,down
210,Apoa5,down
211,Atp7b,down
212,C1qtnf3,down
213,Camk2n1,down
214,Car3,down
215,Ccdc126,down
216,Ccdc146,down
217,Ccnd1,down
218,Ccnf,down
219,Ces1c,down
220,Ces1d,down
221,Cgrrf1,down
222,Ciart,down
223,Cib2,down
224,Cited4,down
225,Clca5,down
226,Clic2,down
227,Clmn,down
228,Clstn1,down
229,Cml2,down
230,Colq,down
231,Cpq,down
232,Cpt1a,down
233,Crym,down
234,Cyp2d2,down
235,Cyp2t1,down
236,Dab1,down
237,Ddr1,down
238,Dhrs7,down
239,Dpp6,down
240,Efna5,down
241,Egfr,down
242,Eml5,down
243,Enpp2,down
244,Esrrg,down
245,Fabp12,down
246,Fam117b,down
247,Fam89a,down
248,Fitm2,down
249,Fmo1,down
250,Fmo3,down
251,Gadd45g,down
252,Got1,down
253,Gpr146,down
254,Gyltl1b,down
255,Hacl1,down
256,Hao1,down
257,Hao2,down
258,Hdac2,down
259,Hsd17b2,down
260,Ifit1,down
261,Inmt,down
262,Ivns1abp,down
263,Kazn,down
264,Kcnh1,down
265,Klf9,down
266,Ldhb,down
267,Lgr4,down
268,Lgsn,down
269,Lhx6,down
270,Lmod2,down
271,LOC100360095,down
272,LOC102552805,down
273,LOC257642,down
274,LOC259244,down
275,LOC298111,down
276,LOC299282,down
277,Lyc2,down
278,Map1b,down
279,Mboat1,down
280,Mcm10,down
281,Mmd2,down
282,Mphosph9,down
283,Mup4,down
284,Mup5,down
285,Nat8,down
286,Ncam2,down
287,Neurl2,down
288,Nfyb,down
289,Nme3,down
290,Noct,down
291,Nr1i2,down
292,Nr1i3,down
293,Nrep,down
294,Nxt2,down
295,Omd,down
296,Paqr7,down
297,Pck1,down
298,Pde6c,down
299,Pdgfa,down
300,Pfkfb1,down
301,Phlpp2,down
302,Phtf1,down
303,Phyh,down
304,Pigc,down
305,Pik3c3,down
306,Pink1,down
307,Plcxd2,down
308,Por,down
309,Pou3f1,down
310,Ppara,down
311,Ppp4r4,down
312,Prelid2,down
313,Prrg1,down
314,Ptp4a1,down
315,Ptpn13,down
316,Ptprh,down
317,Pus7,down
318,Pyroxd1,down
319,Rbbp4,down
320,Rcan2,down
321,RGD1308706,down
322,RGD1559600,down
323,RGD1564804,down
324,Rgn,down
325,Rgs3,down
326,Rhbdd2,down
327,Rhobtb1,down
328,Rnd2,down
329,Rnf186,down
330,Ror2,down
331,RT1-CE16,down
332,Rundc3b,down
333,Sat2,down
334,Sds,down
335,Sgms1,down
336,Sidt1,down
337,Slc12a3,down
338,Slc16a12,down
339,Slc17a2,down
340,Slc25a22,down
341,Slc25a29,down
342,Slc25a33,down
343,Slc43a1,down
344,Slc46a1,down
345,Slc7a10,down
346,Slc9a7,down
347,Spata25,down
348,Spice1,down
349,Srsf4,down
350,Stac3,down
351,Stag1,down
352,Stim2,down
353,Stxbp5l,down
354,Sult1c2,down
355,Sult1c2a,down
356,Syt2,down
357,Tcp1,down
358,Tef,down
359,Tgm1,down
360,Thumpd1,down
361,Timeless,down
362,Tmem144,down
363,Tmem163,down
364,Tppp,down
365,Tpst1,down
366,Ucma,down
367,Ugt2b,down
368,Upp2,down
369,Usp2,down
370,Wdsub1,down
371,Wee1,down
372,Xbp1,down
373,Xk,down
374,Zdhhc1,down
375,Zdhhc23,down
376,Zfp354a,down
377,Zfp37,down
