,gene,property
1,A1bg,up
2,A3galt2,up
3,Abca2,up
4,Abca4,up
5,Abcb1a,up
6,Abcb1b,up
7,Abcc1,up
8,Abcc3,up
9,Abcc9,up
10,Abcg2,up
11,Abcg3l1,up
12,Abcg3l3,up
13,Abhd6,up
14,Abi2,up
15,Abr,up
16,Ace,up
17,Ackr3,up
18,Acot1,up
19,Acot11,up
20,Acot2,up
21,Acot9,up
22,Acta2,up
23,Actb,up
24,Actg1,up
25,Actg2,up
26,Adamts2,up
27,Adamts3,up
28,Adamts4,up
29,Adap1,up
30,Adcy7,up
31,Add3,up
32,Adgrf3,up
33,Adgrg1,up
34,Adgrg2,up
35,Adm2,up
36,Adora1,up
37,Adra2b,up
38,Aebp1,up
39,Afap1,up
40,Afap1l2,up
41,Agpat3,up
42,Agpat9,up
43,Agtpbp1,up
44,Ahnak,up
45,Aida,up
46,Aifm2,up
47,Aig1,up
48,Ajuba,up
49,Akap2,up
50,Akna,up
51,Akr1b10,up
52,Aldh18a1,up
53,Aldh1a1,up
54,Aldh1a3,up
55,Aldh1a7,up
56,Aldh3b1,up
57,Aldoa,up
58,Aloxe3,up
59,Alyref,up
60,Ampd3,up
61,Amy2a3,up
62,Angpt1,up
63,Ankef1,up
64,Ankrd39,up
65,Anks6,up
66,Ano7,up
67,Anp32b,up
68,Antxr1,up
69,Anxa1,up
70,Anxa2,up
71,Anxa5,up
72,Anxa7,up
73,Anxa8,up
74,Aoc1,up
75,Aoc3,up
76,Apaf1,up
77,Apba2,up
78,Apbb1,up
79,Aplnr,up
80,App,up
81,Appl2,up
82,Aqp4,up
83,Aqp5,up
84,Aqp7,up
85,Arf2,up
86,Arhgap11a,up
87,Arhgap22,up
88,Arhgap28,up
89,Arhgdia,up
90,Arhgef25,up
91,Arhgef28,up
92,Arhgef9,up
93,Arid3a,up
94,Arid5a,up
95,Arl10,up
96,Arl4c,up
97,Arl5c,up
98,Armc6,up
99,Arrb1,up
100,Art4,up
101,Artn,up
102,Asns,up
103,Aspn,up
104,Atf3,up
105,Atf4,up
106,Atf7ip2,up
107,Atp10a,up
108,Atp1a3,up
109,Atp1b2,up
110,Atp2b4,up
111,Atp6v1b2,up
112,Atp6v1d,up
113,B3galnt1,up
114,B3galt5,up
115,B4galnt4,up
116,B4galt1,up
117,B4galt4,up
118,B4galt6,up
119,Basp1,up
120,Bbs7,up
121,Bcam,up
122,Bcar3,up
123,Bcat1,up
124,Bcl11b,up
125,Bcl2,up
126,Bcl2a1,up
127,Bdkrb2,up
128,Bdnf,up
129,Bend5,up
130,Bgn,up
131,Bhlhb9,up
132,Bhlhe22,up
133,Bicc1,up
134,Bicd1,up
135,Birc3,up
136,Bmp4,up
137,Bmp7,up
138,Bmx,up
139,Bnc2,up
140,Bok,up
141,Bscl2,up
142,Bspry,up
143,Btg3,up
144,C2cd5,up
145,C5ar1,up
146,Cacna1c,up
147,Cacna2d1,up
148,Cadm1,up
149,Cadps,up
150,Camk2d,up
151,Camk2g,up
152,Camkk2,up
153,Cand2,up
154,Cap2,up
155,Capg,up
156,Capn2,up
157,Capn5,up
158,Car12,up
159,Car13,up
160,Car2,up
161,Card10,up
162,Cars,up
163,Casc4,up
164,Casp3,up
165,Cass4,up
166,Cav1,up
167,Cbr1,up
168,Cbx3,up
169,Ccdc120,up
170,Ccdc146,up
171,Cchcr1,up
172,Ccl12,up
173,Ccl2,up
174,Ccl21,up
175,Ccl3,up
176,Ccl4,up
177,Ccl7,up
178,Ccne1,up
179,Ccng1,up
180,Ccr1,up
181,Cd2,up
182,Cd200,up
183,Cd24,up
184,Cd276,up
185,Cd34,up
186,Cd36,up
187,Cd3d,up
188,Cd3e,up
189,Cd40,up
190,Cd44,up
191,Cd5,up
192,Cd55,up
193,Cd6,up
194,Cd83,up
195,Cd9,up
196,Cdc14a,up
197,Cdc25a,up
198,Cdc42ep1,up
199,Cdc42ep5,up
200,Cdc42se1,up
201,Cdc42se2,up
202,Cdc6,up
203,Cdcp1,up
204,Cdh11,up
205,Cdh13,up
206,Cdh3,up
207,Cdh6,up
208,Cdk14,up
209,Cdkl2,up
210,Cdkn2b,up
211,Cdt1,up
212,Ceacam20,up
213,Cel,up
214,Cela1,up
215,Cela2a,up
216,Cela3b,up
217,Celf5,up
218,Cers5,up
219,Ces2a,up
220,Ces2c,up
221,Ces2j,up
222,Cfap52,up
223,Cftr,up
224,Cgref1,up
225,Ch25h,up
226,Chi3l1,up
227,Chp2,up
228,Chpf,up
229,Chrm3,up
230,Chst1,up
231,Chst9,up
232,Cidea,up
233,Cited1,up
234,Clca2,up
235,Clca4,up
236,Clca4l,up
237,Clcf1,up
238,Cldn4,up
239,Cldn5,up
240,Cldn6,up
241,Cldn7,up
242,Cldn8,up
243,Clec4e,up
244,Clec5a,up
245,Clec7a,up
246,Clic1,up
247,Clic5,up
248,Clip2,up
249,Clstn2,up
250,Cnksr1,up
251,Cnn1,up
252,Cnp,up
253,Cntnap1,up
254,Col15a1,up
255,Col16a1,up
256,Col4a1,up
257,Col5a1,up
258,Col5a2,up
259,Col5a3,up
260,Col8a1,up
261,Colec12,up
262,Coprs,up
263,Coro1a,up
264,Coro1c,up
265,Coro2a,up
266,Coro6,up
267,Cotl1,up
268,Cpa1,up
269,Cpa2,up
270,Cpa6,up
271,Cpb1,up
272,Cpe,up
273,Cpne2,up
274,Cpne7,up
275,Cr2,up
276,Creb3l4,up
277,Creb5,up
278,Crip1,up
279,Crispld2,up
280,Crlf1,up
281,Crocc,up
282,Cryab,up
283,Csf1,up
284,Csf3r,up
285,Csnk1e,up
286,Cspg4,up
287,Csrnp2,up
288,Cst3,up
289,Ctps1,up
290,Ctrc,up
291,Ctrl,up
292,Cttnbp2,up
293,Cubn,up
294,Cuzd1,up
295,Cx3cl1,up
296,Cx3cr1,up
297,Cxcl1,up
298,Cxcl10,up
299,Cxcl16,up
300,Cxcl6,up
301,Cxcl9,up
302,Cxcr2,up
303,Cyfip2,up
304,Cygb,up
305,Cyp17a1,up
306,Cyp26a1,up
307,Cyp2c12,up
308,Cyp2c24,up
309,Cyp2j10,up
310,Cyp3a62,up
311,Cys1,up
312,Cyyr1,up
313,Dact3,up
314,Dag1,up
315,Dbn1,up
316,Dcakd,up
317,Dcbld2,up
318,Dcdc2,up
319,Dclk1,up
320,Dclk3,up
321,Dcn,up
322,Ddah2,up
323,Ddit3,up
324,Ddit4l2,up
325,Degs2,up
326,Dennd2c,up
327,Depdc5,up
328,Des,up
329,Dhdds,up
330,Dkk3,up
331,Dkk4,up
332,Dmbt1,up
333,Dmrta1,up
334,Dnajb7,up
335,Dnajc27,up
336,Dnm1,up
337,Dock6,up
338,Dok2,up
339,Dpep1,up
340,Dph1,up
341,Dph6,up
342,Dpysl2,up
343,Dscc1,up
344,Dtx3,up
345,Duox2,up
346,Dupd1,up
347,Dusp18,up
348,Dusp2,up
349,Dync2li1,up
350,Dynlt1,up
351,Dzip1l,up
352,Ear11,up
353,Ebf1,up
354,Ece2,up
355,Eci1,up
356,Edn1,up
357,Ednrb,up
358,Efcc1,up
359,Efemp2,up
360,Efhc2,up
361,Efhd1,up
362,Efna4,up
363,Egln3,up
364,Egr2,up
365,Egr3,up
366,Ehd2,up
367,Ehd4,up
368,Ehf,up
369,Eif1ax,up
370,Eif2s3x,up
371,Elf3,up
372,Eln,up
373,Elovl6,up
374,Elovl7,up
375,Emp1,up
376,Emp2,up
377,Emp3,up
378,Enpp4,up
379,Enpp5,up
380,Epcam,up
381,Epha4,up
382,Ephb2,up
383,Ephb3,up
384,Epn3,up
385,Eps8l1,up
386,Erbb2,up
387,Erp27,up
388,Espl1,up
389,Esrp1,up
390,Ets2,up
391,Evc2,up
392,Evpl,up
393,Ezr,up
394,F2r,up
395,F2rl1,up
396,F3,up
397,Fabp2,up
398,Fabp4,up
399,Fads3,up
400,Fam101b,up
401,Fam107a,up
402,Fam109b,up
403,Fam118a,up
404,Fam129a,up
405,Fam129b,up
406,Fam129c,up
407,Fam131b,up
408,Fam198b,up
409,Fam26f,up
410,Fam3c,up
411,Fam83f,up
412,Fam84a,up
413,Fam89a,up
414,Fas,up
415,Fat1,up
416,Fblim1,up
417,Fbln1,up
418,Fbln5,up
419,Fbn1,up
420,Fbxo6,up
421,Fbxw17,up
422,Fcgbp,up
423,Fchsd1,up
424,Fcmr,up
425,Fcnb,up
426,Fermt1,up
427,Fgd6,up
428,Fgf21,up
429,Fgf23,up
430,Fgfr2,up
431,Fhdc1,up
432,Fhl1,up
433,Fhl2,up
434,Fhl3,up
435,Figf,up
436,Filip1,up
437,Fjx1,up
438,Fkbp10,up
439,Fkbp11,up
440,Flna,up
441,Flnb,up
442,Flnc,up
443,Fmnl1,up
444,Fndc8,up
445,Fntb,up
446,Fosl1,up
447,Frem2,up
448,Frmd4a,up
449,Frmd6,up
450,Frmd8,up
451,Fry,up
452,Frzb,up
453,Fscn1,up
454,Fsip1,up
455,Fst,up
456,Fstl1,up
457,Fus,up
458,Fut1,up
459,Fut4,up
460,Fut7,up
461,Fut8,up
462,Fv1,up
463,Fxyd3,up
464,Fxyd5,up
465,Fzd2,up
466,Fzd6,up
467,Gabrp,up
468,Galnt6,up
469,Galnt7,up
470,Gan,up
471,Gas5,up
472,Gas6,up
473,Gas7,up
474,Gas8,up
475,Gbp5,up
476,Gcnt3,up
477,Gem,up
478,Gfpt2,up
479,Ggh,up
480,Ggn,up
481,Gimap4,up
482,Gimap9,up
483,Gipc2,up
484,Gja1,up
485,Gjb2,up
486,Gjc2,up
487,Glb1l2,up
488,Glis2,up
489,Gnai1,up
490,Gorab,up
491,Gpam,up
492,Gpat2,up
493,Gpbar1,up
494,Gpc3,up
495,Gpd2,up
496,Gpnmb,up
497,Gpr137b,up
498,Gpr183,up
499,Gpr37,up
500,Gpr39,up
501,Gprc5a,up
502,Gprc5b,up
503,Gpx2,up
504,Grhl2,up
505,Gria3,up
506,Grik5,up
507,Grk5,up
508,Gsn,up
509,Gsta3,up
510,Gtf2f1,up
511,Gtse1,up
512,Gucy2c,up
513,H19,up
514,H2afy2,up
515,Hadhb,up
516,Hap1,up
517,Has2,up
518,Hdc,up
519,Hdgfrp3,up
520,Hebp2,up
521,Heph,up
522,Heyl,up
523,Hid1,up
524,Hivep2,up
525,Hivep3,up
526,Hk1,up
527,Hmcn1,up
528,Hpgd,up
529,Hps3,up
530,Hr,up
531,Hs3st1,up
532,Hs6st2,up
533,Hspa12b,up
534,Hspa1a,up
535,Htra3,up
536,Ica1,up
537,Icam1,up
538,Ier5,up
539,Ier5l,up
540,Ifngr2,up
541,Ifnlr1,up
542,Igf1r,up
543,Igf2,up
544,Igf2bp2,up
545,Igf2r,up
546,Igsf1,up
547,Igsf3,up
548,Igsf9,up
549,Ikbke,up
550,Ikzf2,up
551,Il13ra2,up
552,Il17re,up
553,Il1r1,up
554,Il1rl1,up
555,Il22ra1,up
556,Il23a,up
557,Il2ra,up
558,Il2rg,up
559,Ildr1,up
560,Impdh1,up
561,Inhbe,up
562,Inpp1,up
563,Inpp4b,up
564,Iqgap1,up
565,Irak1bp1,up
566,Irf1,up
567,Irg1,up
568,Itga4,up
569,Itga6,up
570,Itga8,up
571,Itgam,up
572,Itgb1,up
573,Itgb4,up
574,Itgb6,up
575,Itgb7,up
576,Itgb8,up
577,Itgbl1,up
578,Itpr3,up
579,Itpripl2,up
580,Izumo1,up
581,Jak3,up
582,Jam2,up
583,Jph4,up
584,Kank2,up
585,Kcnb1,up
586,Kcnip4,up
587,Kcnj8,up
588,Kcnk1,up
589,Kcnn4,up
590,Kcnq1,up
591,Kcnq3,up
592,Kcns3,up
593,Kcnv2,up
594,Kdelr3,up
595,Kif12,up
596,Kif26a,up
597,Kif3c,up
598,Kif5a,up
599,Kif5c,up
600,Kifc1,up
601,Kifc3,up
602,Kirrel,up
603,Klf4,up
604,Klf5,up
605,Klf6,up
606,Klf7,up
607,Klhdc8a,up
608,Krt18,up
609,Krt19,up
610,Krt20,up
611,Krt23,up
612,Krt8,up
613,Lad1,up
614,Lama4,up
615,Lama5,up
616,Lamb2,up
617,Lamb3,up
618,Lamc2,up
619,Lbh,up
620,Lbp,up
621,Lca5,up
622,Lck,up
623,Lcn2,up
624,Lcp1,up
625,Ldb2,up
626,Ldha,up
627,Lefty2,up
628,Lepr,up
629,Lgals1,up
630,Lgals2,up
631,Lgals3,up
632,Lgi4,up
633,Lilrb4,up
634,Limk1,up
635,Limk2,up
636,Liph,up
637,Lmna,up
638,Lmnb2,up
639,Lmod1,up
640,Lnc215,up
641,LOC100361444,up
642,LOC100365112,up
643,LOC100910558,up
644,LOC100912312,up
645,LOC302022,up
646,LOC308990,up
647,LOC361016,up
648,LOC367975,up
649,LOC498222,up
650,LOC498836,up
651,LOC499781,up
652,LOC654482,up
653,LOC680227,up
654,LOC680663,up
655,LOC681383,up
656,LOC688452,up
657,LOC689766,up
658,LOC689986,up
659,LOC690617,up
660,Loxl1,up
661,Loxl4,up
662,Lpl,up
663,Lrrc1,up
664,Lrrc49,up
665,Lrrc52,up
666,Lrrc75b,up
667,Lrrc8e,up
668,Lrrcc1,up
669,Lrrfip1,up
670,Lrrk2,up
671,Lsp1,up
672,Ltb,up
673,Ltbp1,up
674,Ltbp2,up
675,Ltbp3,up
676,Ltbp4,up
677,Lypd1,up
678,Lyz2,up
679,Lzts2,up
680,Maff,up
681,Mafk,up
682,Maged2,up
683,Magee1,up
684,Magi3,up
685,Mal,up
686,Mall,up
687,Maml3,up
688,Map1a,up
689,Map1b,up
690,Map2,up
691,Map4k2,up
692,Map4k4,up
693,Map6,up
694,Map9,up
695,Mapk4,up
696,Mapt,up
697,March3,up
698,Marcks,up
699,Mat2a,up
700,Matk,up
701,Mcam,up
702,Mcemp1,up
703,Mcm2,up
704,Mcpt1l1,up
705,Mdga1,up
706,Mecom,up
707,Megf6,up
708,Meox1,up
709,Metrnl,up
710,Mfap3l,up
711,Mfsd10,up
712,Mfsd12,up
713,Mfsd9,up
714,Mgat3,up
715,MGC105649,up
716,Micb,up
717,Mir155hg,up
718,Mir199a2,up
719,Misp,up
720,Mlph,up
721,Mmd,up
722,Mmp12,up
723,Mmp13,up
724,Mmp28,up
725,Mmp3,up
726,Mmp7,up
727,Mmp8,up
728,Mogat2,up
729,Mphosph6,up
730,Mpp4,up
731,Mpp7,up
732,Mrgprf,up
733,Mrpl49,up
734,Mrvi1,up
735,Ms4a8,up
736,Msantd1,up
737,Msantd3,up
738,Msl3l2,up
739,Msn,up
740,Mst1r,up
741,Mthfd1l,up
742,Mthfd2,up
743,Mthfd2l,up
744,Mtmr11,up
745,Mturn,up
746,Muc1,up
747,Mustn1,up
748,Mvb12b,up
749,Mvp,up
750,Mxra8,up
751,Myadm,up
752,Mybl1,up
753,Mybl2,up
754,Mybph,up
755,Mycl,up
756,Myh10,up
757,Myh11,up
758,Myh14,up
759,Myh7b,up
760,Myh9,up
761,Myh9l1,up
762,Myl12a,up
763,Myl9,up
764,Myo1c,up
765,Myo1f,up
766,Myo1g,up
767,Myo5a,up
768,Myo7b,up
769,Myocd,up
770,Myof,up
771,Myrip,up
772,N4bp3,up
773,Nagk,up
774,Nap1l3,up
775,Nav2,up
776,Nbl1,up
777,Ncdn,up
778,Nceh1,up
779,Ncf2,up
780,Nck2,up
781,Ncs1,up
782,Ndc1,up
783,Ndrg1,up
784,Nedd9,up
785,Nek6,up
786,Nes,up
787,Neurl3,up
788,Nexn,up
789,Nfatc2,up
790,Nfkb1,up
791,Nfkb2,up
792,Nfkbie,up
793,Nhs,up
794,Niacr1,up
795,Nin,up
796,Nipal2,up
797,Nkd1,up
798,Nlgn3,up
799,Nme4,up
800,Nmt2,up
801,Nol3,up
802,Nop56,up
803,Nop58,up
804,Nos2,up
805,Notch3,up
806,Nov,up
807,Npb,up
808,Npdc1,up
809,Nr2c2ap,up
810,Nrcam,up
811,Nrg1,up
812,Nrp2,up
813,Nsg2,up
814,Nuak1,up
815,Nudt7,up
816,Ogn,up
817,Olfm4,up
818,Olfml2a,up
819,Olfml2b,up
820,Olr1,up
821,Orai2,up
822,Oraov1,up
823,Orm1,up
824,Osbpl6,up
825,Osgepl1,up
826,Osmr,up
827,Osr1,up
828,Otub2,up
829,P2rx1,up
830,P2rx5,up
831,P2ry2,up
832,Pacsin1,up
833,Padi2,up
834,Pak1,up
835,Pak1ip1,up
836,Palm,up
837,Palm2,up
838,Pamr1,up
839,Papss1,up
840,Paqr6,up
841,Paqr8,up
842,Parm1,up
843,Pbdc1,up
844,Pcbp3,up
845,Pcdh17,up
846,Pcdhb12,up
847,Pcdhb5,up
848,Pck2,up
849,PCOLCE2,up
850,Pdcd1,up
851,Pdcl3,up
852,Pde4a,up
853,Pde5a,up
854,Pde6c,up
855,Pdgfa,up
856,Pdgfb,up
857,Pdgfd,up
858,Pdgfrb,up
859,Pdk3,up
860,Pdlim4,up
861,Pdlim7,up
862,Peg12,up
863,Peg3,up
864,Pex11a,up
865,Pfkp,up
866,Pfn2,up
867,Phactr2,up
868,Phgdh,up
869,Phlda3,up
870,Phldb1,up
871,Pi16,up
872,Pik3c2b,up
873,Pik3r5,up
874,Pkd2,up
875,Pkia,up
876,Pkm,up
877,Pkp2,up
878,Pla1a,up
879,Pla2g1b,up
880,Pla2g2d,up
881,Pla2g7,up
882,Plagl1,up
883,Plat,up
884,Plaur,up
885,Plcd1,up
886,Plch1,up
887,Plekha1,up
888,Plekha4,up
889,Plekhs1,up
890,Plet1,up
891,Plin2,up
892,Plod2,up
893,Plp2,up
894,Plscr1,up
895,Plscr4,up
896,Plxna3,up
897,Pmepa1,up
898,Pmp22,up
899,Pnliprp2,up
900,Podxl,up
901,Pof1b,up
902,Pola2,up
903,Polb,up
904,Polr3g,up
905,Popdc2,up
906,Pou2af1,up
907,Ppil1,up
908,Ppip5k1,up
909,Ppl,up
910,Ppp1r14b,up
911,Ppp1r1b,up
912,Ppp1r36,up
913,Ppp2ca,up
914,Ppp2r1b,up
915,Ppp2r2b,up
916,Pqlc3,up
917,Pragmin,up
918,Prkab2,up
919,Prkar1b,up
920,Prkca,up
921,Prlr,up
922,Prmt1,up
923,Prmt2,up
924,Prnp,up
925,Prom1,up
926,Prrx1,up
927,Prss22,up
928,Prss32,up
929,Prss8,up
930,Psapl1,up
931,Psat1,up
932,Psen2,up
933,Psmb10,up
934,Pspc1,up
935,Ptger4,up
936,Ptgir,up
937,Ptgs2,up
938,Ptk2b,up
939,Ptk7,up
940,Ptma,up
941,Ptpn14,up
942,Ptpre,up
943,Ptprn,up
944,Ptpru,up
945,Ptprz1,up
946,Ptrf,up
947,PVR,up
948,Rab19,up
949,Rab25,up
950,Rab27b,up
951,Rab30,up
952,Rab31,up
953,Rab32,up
954,Rab3d,up
955,Rab7b,up
956,Rad51,up
957,Ralyl,up
958,Rap1gap,up
959,Rapgef3,up
960,Rasa2,up
961,Rasef,up
962,Rasgrf2,up
963,Rasgrp4,up
964,Rasl10b,up
965,Rasl11b,up
966,Rasl12,up
967,Rassf8,up
968,Rbm3,up
969,Rbm43,up
970,Rbp2,up
971,Rbpj,up
972,Rbpjl,up
973,Rcn1,up
974,Rcn2,up
975,Rcn3,up
976,Rec8,up
977,Reck,up
978,Recql4,up
979,Reep5,up
980,Relt,up
981,Rem2,up
982,Rftn1,up
983,Rfx5,up
984,RGD1304624,up
985,RGD1304694,up
986,RGD1304810,up
987,RGD1305928,up
988,RGD1306739,up
989,RGD1307315,up
990,RGD1311739,up
991,RGD1311756,up
992,RGD1311946,up
993,RGD1359127,up
994,RGD1561149,up
995,RGD1561849,up
996,RGD1562284,up
997,RGD1562608,up
998,RGD1562699,up
999,RGD1564124,up
1000,RGD1564664,up
1001,RGD1565355,up
1002,RGD1565367,up
1003,RGD1566401,up
1004,Rgs14,up
1005,Rgs4,up
1006,Rgs5,up
1007,Rhbdf1,up
1008,Rhbdf2,up
1009,Rhbg,up
1010,Rhob,up
1011,Rhoc,up
1012,Rhoj,up
1013,Rhoq,up
1014,Rhov,up
1015,Ric3,up
1016,Rims2,up
1017,Rin1,up
1018,Ripk2,up
1019,Ripk3,up
1020,Rmnd5b,up
1021,Rnd1,up
1022,Rnf11l1,up
1023,Rnf208,up
1024,Rnf219,up
1025,Rnpepl1,up
1026,Robo2,up
1027,Ros1,up
1028,Rp1,up
1029,Rps6ka2,up
1030,Rps6ka3,up
1031,Rrp9,up
1032,Rsad1,up
1033,RT1-M4,up
1034,Rtkn,up
1035,Rtn4,up
1036,Rtn4r,up
1037,Runx1,up
1038,S100a10,up
1039,S100a11,up
1040,S100a16,up
1041,S100a4,up
1042,S100a6,up
1043,S100a8,up
1044,S100a9,up
1045,S1pr2,up
1046,Sall2,up
1047,Samd4a,up
1048,Sat1,up
1049,Scamp5,up
1050,Scara3,up
1051,Scara5,up
1052,Scarf2,up
1053,Scd2,up
1054,Schip1,up
1055,Scn3a,up
1056,Scn7a,up
1057,Sctr,up
1058,Scube1,up
1059,Sdc1,up
1060,Sdk2,up
1061,Sele,up
1062,Selm,up
1063,Sema3b,up
1064,Sema3c,up
1065,Sema3e,up
1066,Sema3f,up
1067,Sema3g,up
1068,Sema4a,up
1069,Sema5a,up
1070,Sema7a,up
1071,Sep-11,up
1072,Sep-08,up
1073,Serinc2,up
1074,Serpinb1a,up
1075,Serpinb5,up
1076,Serpinb8,up
1077,Serpinb9,up
1078,Serpine1,up
1079,Serpinh1,up
1080,Sertad1,up
1081,Sertad4,up
1082,Sesn3,up
1083,Sestd1,up
1084,Sfrp2,up
1085,Sfxn3,up
1086,Sgcb,up
1087,Sgms2,up
1088,Sh3bgr,up
1089,Sh3bgrl2,up
1090,Sh3bp4,up
1091,Sh3gl2,up
1092,Sh3rf2,up
1093,Sh3yl1,up
1094,Shtn1,up
1095,Sirpa,up
1096,Ska2,up
1097,Slc10a2,up
1098,Slc12a2,up
1099,Slc14a1,up
1100,Slc1a2,up
1101,Slc1a5,up
1102,Slc20a1,up
1103,Slc22a15,up
1104,Slc23a3,up
1105,Slc25a24,up
1106,Slc25a27,up
1107,Slc25a4,up
1108,Slc26a9,up
1109,Slc29a3,up
1110,Slc34a2,up
1111,Slc36a2,up
1112,Slc36a4,up
1113,Slc39a10,up
1114,Slc39a5,up
1115,Slc3a2,up
1116,Slc4a3,up
1117,Slc4a4,up
1118,Slc5a1,up
1119,Slc5a10,up
1120,Slc5a9,up
1121,Slc7a1,up
1122,Slc7a11,up
1123,Slc7a5,up
1124,Slc7a6,up
1125,Slco3a1,up
1126,Slfnl1,up
1127,Slit2,up
1128,Slitrk4,up
1129,Smarcd1,up
1130,Smoc2,up
1131,Smox,up
1132,Smpd3,up
1133,Smtnl2,up
1134,Snai1,up
1135,Sncaip,up
1136,Sncg,up
1137,Sned1,up
1138,Snhg11,up
1139,Snx10,up
1140,Snx12,up
1141,Snx29,up
1142,Sod2,up
1143,Sorcs1,up
1144,Sorcs2,up
1145,Sowahc,up
1146,Sox4,up
1147,Sox9,up
1148,Sparcl1,up
1149,Spata2L,up
1150,Spats1,up
1151,Spats2,up
1152,Spdef,up
1153,Specc1,up
1154,Speg,up
1155,Sphk1,up
1156,Spint1,up
1157,Spn,up
1158,Spns2,up
1159,Spp1,up
1160,Spryd3,up
1161,Spsb4,up
1162,Sptan1,up
1163,Sptbn4,up
1164,Sptssb,up
1165,Src,up
1166,Srd5a3,up
1167,Sri,up
1168,Srpx,up
1169,Srpx2,up
1170,Srxn1,up
1171,Ssc5d,up
1172,Sstr3,up
1173,St3gal2,up
1174,St3gal4,up
1175,St6galnac2,up
1176,Stap1,up
1177,Steap2,up
1178,Steap4,up
1179,Stk26,up
1180,Stk39,up
1181,Stk40,up
1182,Ston1,up
1183,Stx1a,up
1184,Stx1b,up
1185,Stxbp1,up
1186,Sulf1,up
1187,Sult2a2,up
1188,Sult2a6,up
1189,Sult5a1,up
1190,Susd3,up
1191,Syde1,up
1192,Syn3,up
1193,Syne3,up
1194,Synj2,up
1195,Synpo,up
1196,Synpo2,up
1197,Syt1,up
1198,Syt7,up
1199,Tacc2,up
1200,Tacstd2,up
1201,Tagln,up
1202,Tagln2,up
1203,Tax1bp3,up
1204,Tbcel,up
1205,Tcf21,up
1206,Tcf3,up
1207,Tcp11l1,up
1208,Tdh,up
1209,Tenm3,up
1210,Tes,up
1211,Tex36,up
1212,Tfcp2l1,up
1213,Tgfb1i1,up
1214,Tgm2,up
1215,Thbs1,up
1216,Thsd1,up
1217,Thy1,up
1218,Tiam1,up
1219,Tigar,up
1220,Timp1,up
1221,Timp3,up
1222,Tll1,up
1223,Tm4sf1,up
1224,Tm4sf19,up
1225,Tm4sf20,up
1226,Tm6sf1,up
1227,Tm7sf3,up
1228,Tmbim1,up
1229,Tmc4,up
1230,Tmc5,up
1231,Tmem119,up
1232,Tmem120a,up
1233,Tmem151a,up
1234,Tmem154,up
1235,Tmem171,up
1236,Tmem179,up
1237,Tmem184a,up
1238,Tmem184b,up
1239,Tmem237,up
1240,Tmem67,up
1241,Tmem72,up
1242,Tmsb10,up
1243,Tnc,up
1244,Tnf,up
1245,Tnfaip2,up
1246,Tnfaip6,up
1247,Tnfaip8,up
1248,Tnfrsf12a,up
1249,Tnfrsf21,up
1250,Tnfrsf9,up
1251,Tnk1,up
1252,Tnnt2,up
1253,Tns3,up
1254,Tns4,up
1255,Tnxa-ps1,up
1256,Tox,up
1257,Tp53,up
1258,Tpbg,up
1259,Tpd52l1,up
1260,Tpm1,up
1261,Tpm2,up
1262,Tpm4,up
1263,Tppp3,up
1264,Traf3,up
1265,Trak2,up
1266,Trem1,up
1267,Trem3,up
1268,Tril,up
1269,Trim24,up
1270,Trim35,up
1271,Trim46,up
1272,Trim47,up
1273,Trip6,up
1274,Trmt6,up
1275,Trpc6,up
1276,Trpm4,up
1277,Trpv2,up
1278,Tsc22d1,up
1279,Tsc22d4,up
1280,Tshz3,up
1281,Tspan11,up
1282,Tspan17,up
1283,Tspan2,up
1284,Tspan8,up
1285,Tspan9,up
1286,Tspo,up
1287,Tsx,up
1288,Ttbk1,up
1289,Ttc12,up
1290,Ttc26,up
1291,Ttc39a,up
1292,Ttc8,up
1293,Ttc9,up
1294,Ttll10,up
1295,Tuba1a,up
1296,Tuba1b,up
1297,Tubb2a,up
1298,Tubb2b,up
1299,Tubb4b,up
1300,Tubb6,up
1301,Tuft1,up
1302,Tusc3,up
1303,Txndc5,up
1304,Ube3d,up
1305,Uck2,up
1306,Ugcg,up
1307,Ugt1a2,up
1308,Ugt1a9,up
1309,Uhrf1,up
1310,Unc13b,up
1311,Unc5b,up
1312,Unc5cl,up
1313,Urm1,up
1314,Usp13,up
1315,Usp43,up
1316,Usp54,up
1317,Utp18,up
1318,Vamp1,up
1319,Vars,up
1320,Vcan,up
1321,Vil1,up
1322,Vim,up
1323,Vipr2,up
1324,Vldlr,up
1325,Vnn1,up
1326,Vopp1,up
1327,Vps36,up
1328,Vsig10,up
1329,Vsx1,up
1330,Vtcn1,up
1331,Vwa7,up
1332,Vwf,up
1333,Wars,up
1334,Wbp5,up
1335,Wbscr17,up
1336,Wdr1,up
1337,Wdr35l,up
1338,Wdr4,up
1339,Wfdc21,up
1340,Wisp2,up
1341,Wnk2,up
1342,Wnt5a,up
1343,Wnt7a,up
1344,Wt1,up
1345,Xirp2,up
1346,Yars,up
1347,Ypel4,up
1348,Ywhah,up
1349,Zc2hc1a,up
1350,Zc3h12a,up
1351,Zc3h12d,up
1352,Zdhhc2,up
1353,Zfand2a,up
1354,Zfp202,up
1355,Zfp287,up
1356,Zfp367,up
1357,Zfp385d,up
1358,Zfp39,up
1359,Zfp521,up
1360,Zfp579,up
1361,Zfp90,up
1362,Zfpm2,up
1363,Zmat3,up
1364,Zwint,up
1365,Zyx,up
1366,A1i3,down
1367,AA926063,down
1368,Aadat,down
1369,Aamdc,down
1370,Aass,down
1371,Abcb11,down
1372,Abcb7,down
1373,Abcc2,down
1374,Abcg5,down
1375,Abcg8,down
1376,Abhd14a,down
1377,Abhd14b,down
1378,Abtb2,down
1379,Ac1576,down
1380,Acacb,down
1381,Acad10,down
1382,Acadsb,down
1383,Acbd5,down
1384,Acmsd,down
1385,Acnat2,down
1386,Acot12,down
1387,Acox2,down
1388,Acsbg1,down
1389,Acsl4,down
1390,Acsm3,down
1391,Acy1,down
1392,Acy3,down
1393,Adamts1,down
1394,Adcy1,down
1395,Adgre1,down
1396,Adgrf5,down
1397,Adh4,down
1398,Adh5,down
1399,Adhfe1,down
1400,Adk,down
1401,Adrb1,down
1402,Aff1,down
1403,Afm,down
1404,Afmid,down
1405,Agfg2,down
1406,Agmat,down
1407,Agt,down
1408,Ahcy,down
1409,Ahsg,down
1410,Aif1,down
1411,Ak3,down
1412,Akap5,down
1413,Akr1c1,down
1414,Akr1c12,down
1415,Akr1c12l1,down
1416,Akr1c13,down
1417,Akr1c14,down
1418,Akr1c3,down
1419,Akr1e2,down
1420,Akr7a2,down
1421,Akr7a3,down
1422,Alb,down
1423,Aldh2,down
1424,Aldh4a1,down
1425,Aldh7a1,down
1426,Aldh9a1,down
1427,Alkbh7,down
1428,Als2,down
1429,Amacr,down
1430,Amdhd1,down
1431,Amigo1,down
1432,Ammecr1l,down
1433,Ampd2,down
1434,Amy1a,down
1435,Ang,down
1436,Angptl3,down
1437,Ankrd55,down
1438,Anxa3,down
1439,Aox1,down
1440,Aox3,down
1441,Apcs,down
1442,Apoa5,down
1443,Apoc1,down
1444,Apoh,down
1445,Apold1,down
1446,Apom,down
1447,Apon,down
1448,Aqp9,down
1449,Arg1,down
1450,Arl5b,down
1451,Art2b,down
1452,Asb16,down
1453,Asl,down
1454,Aspa,down
1455,Aspg,down
1456,Ass1,down
1457,Atg9a,down
1458,Atp13a5,down
1459,Atp2c1,down
1460,Atp5e,down
1461,Atrn,down
1462,Auh,down
1463,Avpr1a,down
1464,Azgp1,down
1465,Baat,down
1466,Bach1,down
1467,Bank1,down
1468,Banp,down
1469,Batf3,down
1470,Bcar1,down
1471,Bco2,down
1472,Blk,down
1473,Blvrb,down
1474,Bmp2,down
1475,Bnip3,down
1476,Bola1,down
1477,C1qa,down
1478,C1qb,down
1479,C1qc,down
1480,C6,down
1481,C8b,down
1482,Cacna1d,down
1483,Cadm4,down
1484,Camk2n1,down
1485,Car1,down
1486,Car14,down
1487,Car3,down
1488,Casp6,down
1489,Cat,down
1490,Cbs,down
1491,Ccbl2,down
1492,Ccdc117,down
1493,Ccdc126,down
1494,Ccdc148,down
1495,Ccdc152,down
1496,Ccdc28b,down
1497,Ccl5,down
1498,Ccl6,down
1499,Cd163,down
1500,Cd200r1,down
1501,Cd22,down
1502,Cd302,down
1503,Cd320,down
1504,Cd38,down
1505,Cd4,down
1506,Cd5l,down
1507,Cd81,down
1508,Cda,down
1509,Cdc42bpg,down
1510,Cdip1,down
1511,Cdo1,down
1512,Cebpb,down
1513,Cecr2,down
1514,Cend1,down
1515,Cep85l,down
1516,Ces1c,down
1517,Ces1d,down
1518,Ces1e,down
1519,Cfd,down
1520,Cfhr1,down
1521,Cfp,down
1522,Cgrrf1,down
1523,Chdh,down
1524,Chrna5,down
1525,Cib2,down
1526,Cited2,down
1527,Cks1b,down
1528,Clcn2,down
1529,Cldn3,down
1530,Clec1b,down
1531,Clec2l,down
1532,Clec4f,down
1533,Clec9a,down
1534,Clk4,down
1535,Clmn,down
1536,Cml2,down
1537,Cml5,down
1538,Cndp1,down
1539,Cntfr,down
1540,Coch,down
1541,Col13a1,down
1542,Col4a3,down
1543,Colec10,down
1544,Coq10b,down
1545,Corin,down
1546,Cox7a2,down
1547,Cox7b,down
1548,Cpamd8,down
1549,Cpq,down
1550,Cps1,down
1551,Crebrf,down
1552,Crem,down
1553,Crp,down
1554,Cry1,down
1555,Cryl1,down
1556,Crym,down
1557,Csf1r,down
1558,Csrnp3,down
1559,Ctbs,down
1560,Ctla2a,down
1561,Ctnnbip1,down
1562,Ctsa,down
1563,Ctsf,down
1564,Ctss,down
1565,Cxcl12,down
1566,Cyb5a,down
1567,Cyb5d2,down
1568,Cyb5r3,down
1569,Cyp27a1,down
1570,Cyp2a2,down
1571,Cyp2b3,down
1572,Cyp2c11,down
1573,Cyp2c13,down
1574,Cyp2c23,down
1575,Cyp2d1,down
1576,Cyp2d2,down
1577,Cyp2d3,down
1578,Cyp2d4,down
1579,Cyp2d5,down
1580,Cyp2f4,down
1581,Cyp2j3,down
1582,Cyp2j4,down
1583,Cyp2t1,down
1584,Cyp39a1,down
1585,Cyp3a18,down
1586,Cyp3a2,down
1587,Cyp3a23/3a1,down
1588,Cyp3a9,down
1589,Cyp4a2,down
1590,Cyp4a8,down
1591,Cyp4f1,down
1592,Cyp4f4,down
1593,Cyp4v3,down
1594,Cyp7b1,down
1595,Dab1,down
1596,Dbt,down
1597,Dcaf11,down
1598,Dcaf13,down
1599,Dcxr,down
1600,Ddi2,down
1601,Ddt,down
1602,Ddx3,down
1603,Dexi,down
1604,Dhrs7,down
1605,Dhtkd1,down
1606,Dnajc28,down
1607,Dnase1l3,down
1608,Dpp6,down
1609,Dpt,down
1610,Dpy19l3,down
1611,Dpyd,down
1612,Dpys,down
1613,Dusp1,down
1614,Dusp14,down
1615,Dusp26,down
1616,Ebp,down
1617,Echdc3,down
1618,Echs1,down
1619,Eci3,down
1620,Ecm1,down
1621,Edem1,down
1622,Ednra,down
1623,Efna5,down
1624,Egfr,down
1625,Ehd3,down
1626,Eif2s3y,down
1627,Eif4ebp3,down
1628,Elmod3,down
1629,Emid1,down
1630,Emr4,down
1631,Endog,down
1632,Enpep,down
1633,Enpp1,down
1634,Enpp2,down
1635,Enpp3,down
1636,Epha3,down
1637,Eqtn,down
1638,Eri2,down
1639,Erlin1,down
1640,Errfi1,down
1641,Esd,down
1642,Esrrg,down
1643,Exosc5,down
1644,F11,down
1645,F13b,down
1646,F2,down
1647,F9,down
1648,Faah,down
1649,Fabp7,down
1650,Fah,down
1651,Fam126b,down
1652,Fam213a,down
1653,Fam217a,down
1654,Fam46a,down
1655,Fam55b,down
1656,Fam98c,down
1657,Fastkd3,down
1658,Fbxo31,down
1659,Fcna,down
1660,Fdft1,down
1661,Fetub,down
1662,Fgd2,down
1663,Fh,down
1664,Fkbp8,down
1665,Fmo3,down
1666,Fmo4,down
1667,Fmo5,down
1668,Foxa1,down
1669,Foxo1,down
1670,Foxo3,down
1671,Fras1,down
1672,Ftcd,down
1673,Fzd1,down
1674,G6pc,down
1675,Gadd45g,down
1676,Ganc,down
1677,Gc,down
1678,Gcat,down
1679,Gcdh,down
1680,Gch1,down
1681,Gchfr,down
1682,Gcnt2,down
1683,Gcsh,down
1684,Gdpd1,down
1685,Gemin6,down
1686,Gfra1,down
1687,Ghdc,down
1688,Gimd1,down
1689,Gjb1,down
1690,Gls2,down
1691,Gltpd2,down
1692,Glyat,down
1693,Glyatl1,down
1694,Glyatl2,down
1695,Gnmt,down
1696,Got1,down
1697,Gpld1,down
1698,Gpr146,down
1699,Gpr19,down
1700,Gpr31,down
1701,Gpr68,down
1702,Gpt,down
1703,Grhpr,down
1704,Gria2,down
1705,Gstm1,down
1706,Gstm2,down
1707,Gstm7,down
1708,Gstt2,down
1709,Gstz1,down
1710,Gucd1,down
1711,Gzma,down
1712,H6pd,down
1713,Habp2,down
1714,Hacl1,down
1715,Hagh,down
1716,Hal,down
1717,Hao1,down
1718,Hao2,down
1719,Hba2,down
1720,Hells,down
1721,Hes6,down
1722,Hfe,down
1723,Hhip,down
1724,Hibadh,down
1725,Hist1h1d,down
1726,Hoga1,down
1727,Hook1,down
1728,Hpd,down
1729,Hpgds,down
1730,Hpn,down
1731,Hrc,down
1732,Hrg,down
1733,Hrsp12,down
1734,Hs3st3a1,down
1735,Hs3st3b1,down
1736,Hs3st6,down
1737,Hsd17b10,down
1738,Hsd17b11,down
1739,Hsd17b12,down
1740,Hsd17b13,down
1741,Hsd3b5,down
1742,Hsd3b6,down
1743,Hspb11,down
1744,Hyal2,down
1745,Ifi27,down
1746,Igf1,down
1747,Igfals,down
1748,Igfbp1,down
1749,Il10,down
1750,Il1a,down
1751,Il1b,down
1752,Il1rap,down
1753,Il6r,down
1754,Il6st,down
1755,Ing1,down
1756,Inmt,down
1757,Insig1,down
1758,Ip6k2,down
1759,Irf2bpl,down
1760,Irs1,down
1761,Irs2,down
1762,Irx5,down
1763,Itch,down
1764,Itgb1bp2,down
1765,Itih1,down
1766,Itpr2,down
1767,Ivd,down
1768,Ivns1abp,down
1769,Iyd,down
1770,Jakmip2,down
1771,Jph3,down
1772,Kcna2,down
1773,Kcnh1,down
1774,Kcnj16,down
1775,Kcnk3,down
1776,Khk,down
1777,Klf15,down
1778,Klf9,down
1779,Klhl7,down
1780,Klkb1,down
1781,Klri1,down
1782,Kmo,down
1783,Lace1,down
1784,Ldhd,down
1785,Lgr4,down
1786,Lgsn,down
1787,Lhx6,down
1788,Lilra5,down
1789,Lin7a,down
1790,Lipc,down
1791,LOC100125368,down
1792,LOC100360095,down
1793,LOC100362690,down
1794,LOC100365773,down
1795,LOC102723236,down
1796,LOC259244,down
1797,LOC287167,down
1798,LOC298111,down
1799,LOC299282,down
1800,LOC497899,down
1801,LOC499602,down
1802,LOC500124,down
1803,LOC500300,down
1804,LOC680200,down
1805,LOC685157,down
1806,LOC685406,down
1807,LOC689064,down
1808,LOC691153,down
1809,Lpar2,down
1810,Lpin1,down
1811,Lppr1,down
1812,Lrat,down
1813,Lrg1,down
1814,Lrp3,down
1815,Lrp6,down
1816,Lrrc40,down
1817,Lrrc58,down
1818,Lrrc8c,down
1819,Lyve1,down
1820,Mafb,down
1821,Malsu1,down
1822,Maob,down
1823,Map10,down
1824,Mapk10,down
1825,Mapk8ip1,down
1826,Marc1,down
1827,Marc2,down
1828,March6,down
1829,Marco,down
1830,Marveld3,down
1831,Mat1a,down
1832,Mcart1,down
1833,Mccc1,down
1834,Mccc2,down
1835,Mcee,down
1836,Med31,down
1837,Megf9,down
1838,Meiob,down
1839,Mettl20,down
1840,Mettl23,down
1841,Mettl7a,down
1842,Mettl7b,down
1843,Mfsd6,down
1844,Mfsd8,down
1845,Mgst2,down
1846,Mir290,down
1847,Mir291a,down
1848,Mir291b,down
1849,Mir292,down
1850,Mir293,down
1851,Mir294,down
1852,Mir3556b,down
1853,Mir568,down
1854,Mkrn1,down
1855,Mllt3,down
1856,Mmd2,down
1857,Mmp16,down
1858,Mpnd,down
1859,Mpped1,down
1860,Mpst,down
1861,Mrc1,down
1862,Mrpl14,down
1863,Mrps21,down
1864,Ms4a6bl,down
1865,Msrb1,down
1866,Mst1,down
1867,Mthfd1,down
1868,Mtss1,down
1869,Mug1,down
1870,Mug2,down
1871,Mup4,down
1872,Mup5,down
1873,Mvk,down
1874,N4bp2l1,down
1875,Naa60,down
1876,Nadk2,down
1877,Naga,down
1878,Ncam2,down
1879,Ncoa4,down
1880,Ndrg2,down
1881,Ndrg3,down
1882,Ndufa1,down
1883,Ndufa2,down
1884,Ndufa4,down
1885,Ndufa6,down
1886,Ndufb11,down
1887,Negr1,down
1888,Neu2,down
1889,Neurl2,down
1890,Nfil3,down
1891,Ngef,down
1892,Ninj2,down
1893,Nipsnap1,down
1894,Nit2,down
1895,Nlrp12,down
1896,Nme3,down
1897,Nmral1,down
1898,Nnmt,down
1899,Noct,down
1900,Notum,down
1901,Nox4,down
1902,Nprl2,down
1903,Nqo2,down
1904,Nr1i2,down
1905,Nr5a2,down
1906,Nrbf2,down
1907,Nrep,down
1908,Nrtn,down
1909,Nrxn3,down
1910,Ntm,down
1911,Ntpcr,down
1912,Ntrk1,down
1913,Ntsr1,down
1914,Nuak2,down
1915,Nudt4,down
1916,Nxt2,down
1917,Obp3,down
1918,Ogfod3,down
1919,Olr1058,down
1920,Olr35,down
1921,Omd,down
1922,Otc,down
1923,Oxnad1,down
1924,P2ry13,down
1925,P2ry14,down
1926,Pah,down
1927,Papd7,down
1928,Pbld1,down
1929,Pcca,down
1930,Pcdhac2,down
1931,Pcdhga1,down
1932,Pck1,down
1933,Pcsk1,down
1934,Pddc1,down
1935,Pde11a,down
1936,Pde3b,down
1937,Pde4c,down
1938,Pdia5,down
1939,Pdk2,down
1940,Peli3,down
1941,Pemt,down
1942,Pex26,down
1943,Pfkfb1,down
1944,Pgrmc1,down
1945,Phf19,down
1946,Phlpp2,down
1947,Phtf1,down
1948,Phtf2,down
1949,Phyhd1,down
1950,Pigc,down
1951,Pign,down
1952,Pigr,down
1953,Pigu,down
1954,Pik3c3,down
1955,Pik3r1,down
1956,Pim3,down
1957,Pink1,down
1958,Pipox,down
1959,Pitpnm1,down
1960,Pkdcc,down
1961,Plcb1,down
1962,Pld4,down
1963,Plekhf1,down
1964,Plg,down
1965,Pls1,down
1966,Pltp,down
1967,Pm20d1,down
1968,Pm20d2,down
1969,Pmvk,down
1970,Pnp,down
1971,Pnpla7,down
1972,Polg2,down
1973,Pon1,down
1974,Pon3,down
1975,Pou3f3,down
1976,Ppa1,down
1977,Ppa2,down
1978,Ppapdc1a,down
1979,Pparg,down
1980,Ppargc1a,down
1981,Ppif,down
1982,Ppp1r10,down
1983,Ppp2r5e,down
1984,Pptc7,down
1985,Prex2,down
1986,Prkaa2,down
1987,Prkag3,down
1988,Prodh,down
1989,Prokr1,down
1990,Pros1,down
1991,Psenen,down
1992,Pstpip2,down
1993,Ptger3,down
1994,Ptgfr,down
1995,Ptgr1,down
1996,Ptgs1,down
1997,Ptp4a1,down
1998,Ptprg,down
1999,Pvrl3,down
2000,Pxmp4,down
2001,Pzp,down
2002,Qdpr,down
2003,Ranbp17,down
2004,Rarres1,down
2005,Rarres2,down
2006,Rbl2,down
2007,Rdh11,down
2008,Rdh16,down
2009,Rdh7,down
2010,Rdm1,down
2011,Reg4,down
2012,RGD1304884,down
2013,RGD1305347,down
2014,RGD1305645,down
2015,RGD1307537,down
2016,RGD1307603,down
2017,RGD1359508,down
2018,RGD1562310,down
2019,RGD1562865,down
2020,RGD1562963,down
2021,RGD1563888,down
2022,RGD1564614,down
2023,RGD1564804,down
2024,RGD1564854,down
2025,RGD1564865,down
2026,RGD1566134,down
2027,Rgn,down
2028,Rgs18,down
2029,Rgs3,down
2030,Rilp,down
2031,Rmrp,down
2032,Rnase11,down
2033,Rnase13,down
2034,Rnase4,down
2035,Rnd2,down
2036,Rnf125,down
2037,Rnf152,down
2038,Romo1,down
2039,Rpp21,down
2040,RT1-Bb,down
2041,RT1-DMb,down
2042,Rtn4rl2,down
2043,Rup2,down
2044,Rxra,down
2045,Samd5,down
2046,Scand1,down
2047,Scrn2,down
2048,Sdc2,down
2049,Sdha,down
2050,Sdhaf3,down
2051,Sds,down
2052,Sdsl,down
2053,Selenbp1,down
2054,Seli,down
2055,Selo,down
2056,Sema6c,down
2057,Senp7,down
2058,Sepp1,down
2059,Serpina3c,down
2060,Serpina6,down
2061,Serpinc1,down
2062,Serpind1,down
2063,Sesn2,down
2064,Sez6l,down
2065,Sfxn1,down
2066,Sfxn2,down
2067,Sh2d4a,down
2068,Sh3bp5,down
2069,Siah2,down
2070,Siglec1,down
2071,Siglec5,down
2072,Sik1,down
2073,Slc10a1,down
2074,Slc10a5,down
2075,Slc10a6,down
2076,Slc13a2,down
2077,Slc13a5,down
2078,Slc16a4,down
2079,Slc17a2,down
2080,Slc19a2,down
2081,Slc22a18,down
2082,Slc22a22,down
2083,Slc22a23,down
2084,Slc22a25,down
2085,Slc22a6,down
2086,Slc22a7,down
2087,Slc22a8,down
2088,Slc23a1,down
2089,Slc25a15,down
2090,Slc25a22,down
2091,Slc25a25,down
2092,Slc25a32,down
2093,Slc25a33,down
2094,Slc25a38,down
2095,Slc25a54,down
2096,Slc27a5,down
2097,Slc29a4,down
2098,Slc2a8,down
2099,Slc31a1,down
2100,Slc38a2,down
2101,Slc38a3,down
2102,Slc38a4,down
2103,Slc39a8,down
2104,Slc3a1,down
2105,Slc40a1,down
2106,Slc43a1,down
2107,Slc45a3,down
2108,Slc46a1,down
2109,Slc6a12,down
2110,Slc7a10,down
2111,Slc7a2,down
2112,Slc9a3r1,down
2113,Slc9a7,down
2114,Slco1a1,down
2115,Slco1a2,down
2116,Slco2a1,down
2117,Slco2b1,down
2118,Smim14,down
2119,Smlr1,down
2120,Smoc1,down
2121,Smpdl3a,down
2122,Sod1,down
2123,Sod3,down
2124,Sord,down
2125,Spic,down
2126,Spice1,down
2127,Spink1,down
2128,Spry4,down
2129,Spryd7,down
2130,Sqrdl,down
2131,St3gal1,down
2132,St8sia6,down
2133,Stac3,down
2134,Stard4,down
2135,ste2,down
2136,Stim2,down
2137,Sts,down
2138,Sult1c2a,down
2139,Sult1c3,down
2140,Suox,down
2141,Syce2,down
2142,Syngr1,down
2143,Synrg,down
2144,Taf5l,down
2145,Tat,down
2146,Tbck,down
2147,Tcp11l2,down
2148,Tdo2,down
2149,Tenm2,down
2150,Terc,down
2151,Tfcp2,down
2152,Tfec,down
2153,Tgfbi,down
2154,Tle1,down
2155,Tlr12,down
2156,Tlr7,down
2157,Tm7sf2,down
2158,Tmbim6,down
2159,Tmed4,down
2160,Tmem132e,down
2161,Tmem140,down
2162,Tmem150a,down
2163,Tmem150c,down
2164,Tmem176a,down
2165,Tmem19,down
2166,Tmem205,down
2167,Tmem5,down
2168,Tmem53,down
2169,Tmem86b,down
2170,Tmlhe,down
2171,Tnks2,down
2172,Tnnt1,down
2173,Tob1,down
2174,Tp53i13,down
2175,Tp73,down
2176,Tpmt,down
2177,Tppp,down
2178,Tpst1,down
2179,Tpte2,down
2180,Trank1,down
2181,Trhde,down
2182,Trib1,down
2183,Trpm3,down
2184,Trpv1,down
2185,Tsc22d3,down
2186,Tsen34,down
2187,Tsku,down
2188,Tspy1,down
2189,Tspyl4,down
2190,Tst,down
2191,Ttc36,down
2192,Ttr,down
2193,Ttyh3,down
2194,Tuba3a,down
2195,Ubac1,down
2196,Ugp2,down
2197,Ugt2b15,down
2198,Ugt2b17,down
2199,Ugt2b37,down
2200,Unc5a,down
2201,Unc5d,down
2202,Upp2,down
2203,Uqcr10,down
2204,Uqcr11,down
2205,Uqcrh,down
2206,Ush2a,down
2207,Usp39,down
2208,Ust,down
2209,Ust5r,down
2210,Vamp7,down
2211,Vipr1,down
2212,Vsig4,down
2213,Vtn,down
2214,Wasl,down
2215,Wbscr27,down
2216,Wdtc1,down
2217,Whamm,down
2218,Wwp1,down
2219,Xk,down
2220,Xkr4,down
2221,Xpnpep2,down
2222,Yod1,down
2223,Zbtb16,down
2224,Zbtb20,down
2225,Zbtb39,down
2226,Zdhhc23,down
2227,Zdhhc4,down
2228,Zfand6,down
2229,Zfp189,down
2230,Zfp354a,down
2231,Zfp37,down
2232,Zfp394,down
2233,Zfp638,down
2234,Zfp68,down
2235,Zfp697,down
2236,Zhx2,down
2237,Zhx3,down
2238,Zrsr1,down
