,gene,property
1,Acaa1b,up
2,Acsl3,up
3,Acvr1c,up
4,Adamdec1,up
5,Adh1,up
6,Adh7,up
7,Agap3,up
8,Ak4,up
9,Akr1d1,up
10,Akr7a3,up
11,Aldh1a1,up
12,Aldh1l1,up
13,Amer1,up
14,Amotl2,up
15,Angptl4,up
16,Anxa5,up
17,Anxa8,up
18,Apitd1,up
19,Ar,up
20,Arl4d,up
21,Arpp19,up
22,Arrdc3,up
23,Arse,up
24,Asah2,up
25,Asb5,up
26,Bag4,up
27,Bco2,up
28,Bst2,up
29,Btg1,up
30,Cacna2d4,up
31,Car12,up
32,Car2,up
33,Ccdc112,up
34,Ccng1,up
35,Cd14,up
36,Cd1d1,up
37,Cd36,up
38,Cd81,up
39,Cdkn1a,up
40,Cdkn2b,up
41,Ces2a,up
42,Ces2c,up
43,Ces4a,up
44,Chpt1,up
45,Chrna2,up
46,Cidec,up
47,Ckap2,up
48,Clcn6,up
49,Coro2a,up
50,Cry1,up
51,Cryl1,up
52,Cryz,up
53,Csmd1,up
54,Cubn,up
55,Cxcl9,up
56,Cyp1a1,up
57,Cyp26b1,up
58,Cyp2b2,up
59,Cyp2c22,up
60,Cyp2c6v1,up
61,Dact2,up
62,Dapp1,up
63,Dbi,up
64,Derl3,up
65,Dhdds,up
66,Dpt,up
67,Efna1,up
68,Ehhadh,up
69,Elovl6,up
70,Entpd5,up
71,Ephx1,up
72,Ethe1,up
73,Evc2,up
74,Fam49a,up
75,Fasn,up
76,Fgf21,up
77,G0s2,up
78,Gale,up
79,Galr3,up
80,Gapdh,up
81,Gbe1,up
82,Gck,up
83,Gda,up
84,Gdf15,up
85,Gdnf,up
86,Gja5,up
87,Gnat3,up
88,Gng10,up
89,Gpam,up
90,Gpr137b,up
91,Gpx1,up
92,Gsta1,up
93,Gsta3,up
94,Gstk1,up
95,Gstm1,up
96,Gstt1,up
97,H2afy2,up
98,Hcn3,up
99,Herc3,up
100,Hfe2,up
101,Hibch,up
102,Hist1h2bh,up
103,Hist1h4b,up
104,Hnf4g,up
105,Hs6st2,up
106,Hsd17b6,up
107,Hspa4l,up
108,Ifi27l2b,up
109,Ikbke,up
110,Il36b,up
111,Inhba,up
112,Inhbe,up
113,Iyd,up
114,Jade2,up
115,Jakmip2,up
116,Jund,up
117,Kank1,up
118,Kank2,up
119,Kcnn2,up
120,Kifc3,up
121,Krt23,up
122,Lamb3,up
123,Leap2,up
124,Lhx8,up
125,Lilrb4,up
126,Lin37,up
127,Lnx2,up
128,LOC100361444,up
129,LOC100363193,up
130,LOC498836,up
131,LOC691083,up
132,Lonrf3,up
133,Lpar6,up
134,Lrrc19,up
135,Lrtm2,up
136,Mbp,up
137,Mcf2l,up
138,Med12l,up
139,Megf9,up
140,Mgmt,up
141,Mical2,up
142,Micalcl,up
143,Mid1ip1,up
144,Mif,up
145,Mk1,up
146,Mocos,up
147,Mok,up
148,Msl3l2,up
149,Mybl1,up
150,Mybl2,up
151,Mybph,up
152,Mycl,up
153,Nme1,up
154,Nrg1,up
155,Nuak1,up
156,Nudt7,up
157,Nup62,up
158,Olr57,up
159,Otub2,up
160,P2rx5,up
161,Pak1,up
162,Paqr3,up
163,Parp16,up
164,Pax8,up
165,Pbk,up
166,Perp,up
167,Pex11a,up
168,Pgam1,up
169,Pgd,up
170,Pgk1,up
171,Pgpep1,up
172,Pir,up
173,Plbd1,up
174,Plin2,up
175,Plin5,up
176,Plxna2,up
177,Pnpla5,up
178,Pnrc1,up
179,Ppp1r3b,up
180,Ppp2r1b,up
181,Prkca,up
182,Prkci,up
183,Psat1,up
184,Ptk2b,up
185,Ptprt,up
186,Ralyl,up
187,Reep6,up
188,RGD1305464,up
189,RGD1306151,up
190,RGD1309676,up
191,RGD1311756,up
192,RGD1560010,up
193,RGD1561849,up
194,RGD1562136,up
195,RGD1565355,up
196,RGD1565616,up
197,Rgs16,up
198,Rgs7,up
199,Rhob,up
200,Rnf11l1,up
201,Rp1,up
202,Rpa1,up
203,Rrm2b,up
204,Rtn4,up
205,Scd1,up
206,Scly,up
207,Sdr16c6,up
208,Sesn3,up
209,Sh3bgrl2,up
210,Slc17a3,up
211,Slc25a47,up
212,Slc39a4,up
213,Slc45a3,up
214,Sntb1,up
215,Snx12,up
216,Spsb4,up
217,Sri,up
218,Stk24,up
219,Stx2,up
220,Stxbp1,up
221,Sult2a2,up
222,Sult2a6,up
223,Sult2b1,up
224,Svil,up
225,Tcea3,up
226,Tcf7l1,up
227,Tex36,up
228,Tf,up
229,Tgm2,up
230,Thbs4,up
231,Tjp3,up
232,Tk1,up
233,Tkfc,up
234,Tkt,up
235,Tmcc3,up
236,Tmem252,up
237,Tmem97,up
238,Tmie,up
239,Tp53i3,up
240,Trpm2,up
241,Tsc22d1,up
242,Tyms,up
243,Unc5c,up
244,Unc5cl,up
245,Usp29,up
246,Ykt6,up
247,Ypel2,up
248,Zdhhc2,up
249,A2m,down
250,Abcc2,down
251,Abcg5,down
252,Abcg8,down
253,Abhd2,down
254,Ablim3,down
255,Ac1576,down
256,Adcy10,down
257,Ager,down
258,Amacr,down
259,Amigo1,down
260,Angptl2,down
261,Aox3,down
262,Apcs,down
263,Apoa5,down
264,Aqp9,down
265,Arhgef3,down
266,Armcx3,down
267,Arntl2,down
268,Ascl1,down
269,Asl,down
270,Atp8b1,down
271,C1qtnf3,down
272,Cacnb2,down
273,Cadm4,down
274,Camk2n1,down
275,Casp6,down
276,Cav2,down
277,Ccdc28b,down
278,Cd320,down
279,Cda,down
280,Celsr2,down
281,Cgrrf1,down
282,Cish,down
283,Cldn3,down
284,Csrp1,down
285,Cyp2t1,down
286,Dab1,down
287,Dnajb9,down
288,Dnase2,down
289,Dtx3,down
290,Dusp14,down
291,Ednra,down
292,Eef2k,down
293,Efna5,down
294,Egfr,down
295,Eif1a,down
296,Epb41l1,down
297,Erlin1,down
298,Fabp7,down
299,Fam117b,down
300,Fmo1,down
301,Fn1,down
302,Fzd5,down
303,Gadd45g,down
304,Gas5,down
305,Gch1,down
306,Gfra1,down
307,Gne,down
308,Got1,down
309,Gpr146,down
310,Hacl1,down
311,Hao2,down
312,Hsd17b2,down
313,Igf1,down
314,Igfals,down
315,Kcnh1,down
316,Kdm6b,down
317,Klf9,down
318,Klkb1,down
319,Lect2,down
320,Lgr4,down
321,Lhx6,down
322,Lin7a,down
323,LOC259244,down
324,LOC299282,down
325,LOC680200,down
326,Lox,down
327,Loxl4,down
328,Lpar2,down
329,Lppr1,down
330,Ltc4s,down
331,Lurap1,down
332,Med4,down
333,Mir290,down
334,Mir291a,down
335,Mir292,down
336,Mir3589,down
337,Mmd2,down
338,Mup4,down
339,Mup5,down
340,Nat8,down
341,Nhlrc1,down
342,Nme6,down
343,Nox4,down
344,Nsmf,down
345,Nup98,down
346,Nxt2,down
347,Oaf,down
348,Onecut1,down
349,Pcdh7,down
350,Pde3b,down
351,Pde4b,down
352,Pdp2,down
353,Pja1,down
354,Pla2g12a,down
355,Plcxd2,down
356,Plekhb1,down
357,Pnpla7,down
358,Prelid2,down
359,Prex2,down
360,Prkab1,down
361,Prrg1,down
362,Ptger3,down
363,Ptpn13,down
364,Pus7,down
365,Pxylp1,down
366,Pzp,down
367,Qsox1,down
368,Ren,down
369,RGD1564804,down
370,Rgs3,down
371,Rgsl2h,down
372,Rhbdf1,down
373,Rnf144b,down
374,Sat2,down
375,Sds,down
376,Serpina3c,down
377,Slc1a3,down
378,Slc29a4,down
379,Slc2a1,down
380,Slc30a3,down
381,Slc41a1,down
382,Slc44a4,down
383,Slc46a1,down
384,Slc6a12,down
385,Slc7a2,down
386,Smagp,down
387,Smo,down
388,Sntb2,down
389,Socs2,down
390,Spry1,down
391,Srsf3,down
392,Sult1c2,down
393,Sult1c2a,down
394,Sult1c3,down
395,Sult2a1,down
396,Tacr1,down
397,Tenm2,down
398,Terc,down
399,Tfcp2,down
400,Tmem144,down
401,Tmem163,down
402,Tpst1,down
403,Tspan12,down
404,Uap1l1,down
405,Ush2a,down
406,Wdsub1,down
407,Wsb1,down
408,Xbp1,down
409,Xk,down
410,Zdhhc23,down
411,Zfp275,down
412,Zfp37,down
