,gene,property
1,A2m,up
2,A3galt2,up
3,Abca2,up
4,Abca4,up
5,Abca5,up
6,Abcb1b,up
7,Abcc1,up
8,Abcc3,up
9,Abcc9,up
10,Abcg3l3,up
11,Abi2,up
12,Abr,up
13,Abracl,up
14,Acaa1b,up
15,Acbd3,up
16,Ace,up
17,Acer2,up
18,Ackr3,up
19,Acot1,up
20,Acot2,up
21,Acot3,up
22,Acot4,up
23,Acot9,up
24,Acsl3,up
25,Acta2,up
26,Actb,up
27,Actg1,up
28,Actn3,up
29,Adam15,up
30,Adam19,up
31,Adamdec1,up
32,Adamts12,up
33,Adamts2,up
34,Adamts4,up
35,Adamts9,up
36,Adap1,up
37,Adat1,up
38,Adcy7,up
39,Adcyap1r1,up
40,Adgrg1,up
41,Adgrg2,up
42,Adm,up
43,Adm2,up
44,Adora1,up
45,Adora2a,up
46,Adpgk,up
47,Aebp1,up
48,Afap1,up
49,Afap1l2,up
50,Afmid,up
51,Ago2,up
52,Agpat3,up
53,Agpat4,up
54,Agpat9,up
55,Agtpbp1,up
56,Ahnak,up
57,Aida,up
58,Aifm2,up
59,Ajuba,up
60,Akap12,up
61,Akap2,up
62,Akr1b8,up
63,Akt3,up
64,Aldh18a1,up
65,Aldh1a1,up
66,Aldh1a7,up
67,Aldoa,up
68,Aloxe3,up
69,Alpl,up
70,Amer1,up
71,Amotl2,up
72,Ampd3,up
73,Amz1,up
74,Angpt1,up
75,Angptl4,up
76,Ankef1,up
77,Ankrd33b,up
78,Ankrd37,up
79,Ankrd39,up
80,Ankrd6,up
81,Anks6,up
82,Ano7,up
83,Antxr1,up
84,Anxa1,up
85,Anxa2,up
86,Anxa4,up
87,Anxa5,up
88,Anxa7,up
89,Anxa8,up
90,Aoah,up
91,Aoc1,up
92,Apaf1,up
93,Apbb1,up
94,Apbb1ip,up
95,Apln,up
96,Aplnr,up
97,App,up
98,Appl2,up
99,Aqp4,up
100,Aqp7,up
101,Arap2,up
102,Arf2,up
103,Arfgap3,up
104,Arg2,up
105,Arhgap10,up
106,Arhgap11a,up
107,Arhgap22,up
108,Arhgap28,up
109,Arhgdia,up
110,Arhgef19,up
111,Arhgef28,up
112,Arhgef9,up
113,Arid3a,up
114,Arid5a,up
115,Arl10,up
116,Arl11,up
117,Arl4a,up
118,Arl4c,up
119,Arl4d,up
120,Arl6,up
121,Arl8a,up
122,Armc6,up
123,Armcx2,up
124,Arntl,up
125,Arrdc1,up
126,Arrdc4,up
127,Arse,up
128,Asah2,up
129,Asb5,up
130,Asns,up
131,Aspm,up
132,Atcay,up
133,Atf3,up
134,Atf4,up
135,Atic,up
136,Atp10a,up
137,Atp1a3,up
138,Atp2b4,up
139,Aurkb,up
140,B3galnt1,up
141,B3gnt2,up
142,B4galt5,up
143,B4galt6,up
144,Basp1,up
145,Batf,up
146,Bbs7,up
147,Bcat1,up
148,Bcl10,up
149,Bcl2,up
150,Bcl2a1,up
151,Bgn,up
152,Bicc1,up
153,Bicd2,up
154,Bin1,up
155,Birc3,up
156,Birc5,up
157,Blnk,up
158,Bmp7,up
159,Bmper,up
160,Bok,up
161,Bst1,up
162,Btbd10,up
163,Btbd3,up
164,Btc,up
165,Btg1,up
166,Btg2,up
167,Btg3,up
168,Bub1b,up
169,Bysl,up
170,C1qtnf5,up
171,C1qtnf6,up
172,C2cd5,up
173,C5ar1,up
174,Cab39,up
175,Cables1,up
176,Cacna1c,up
177,Cacnb1,up
178,Camk2d,up
179,Capg,up
180,Capn1,up
181,Capn2,up
182,Car13,up
183,Car2,up
184,Card10,up
185,Cars,up
186,Casc5,up
187,Casp4,up
188,Cass4,up
189,Cbfa2t3,up
190,Cblc,up
191,Ccdc112,up
192,Ccdc120,up
193,Ccdc19,up
194,Ccdc64,up
195,Ccdc68,up
196,Ccdc8,up
197,Ccdc92,up
198,Cchcr1,up
199,Ccl12,up
200,Ccl2,up
201,Ccl21,up
202,Ccl3,up
203,Ccl4,up
204,Ccl7,up
205,Ccna2,up
206,Ccne1,up
207,Ccng1,up
208,Ccr1,up
209,Ccrl2,up
210,Cd14,up
211,Cd151,up
212,Cd200,up
213,Cd24,up
214,Cd276,up
215,Cd2ap,up
216,Cd300e,up
217,Cd300lb,up
218,Cd36,up
219,Cd3eap,up
220,Cd44,up
221,Cd53,up
222,Cd55,up
223,Cd63,up
224,Cd84,up
225,Cd8a,up
226,Cd8b,up
227,Cd9,up
228,Cd93,up
229,Cdc25a,up
230,Cdc42ep1,up
231,Cdc42ep2,up
232,Cdc42ep5,up
233,Cdc42se1,up
234,Cdc42se2,up
235,Cdc7,up
236,Cdca2,up
237,Cdca7,up
238,Cdca8,up
239,Cdh13,up
240,Cdh3,up
241,Cdk14,up
242,Cdk6,up
243,Cdkl2,up
244,Cdkl3,up
245,Cdkn2b,up
246,Cdkn3,up
247,Cdr2,up
248,Cdt1,up
249,Cdyl2,up
250,Cebpb,up
251,Cebpd,up
252,Cenpi,up
253,Cenpn,up
254,Cep55,up
255,Cep76,up
256,Cerk,up
257,Ces2c,up
258,Ces4a,up
259,Cfap52,up
260,Cfl1,up
261,Cftr,up
262,Cgref1,up
263,Ch25h,up
264,Chac1,up
265,Chchd4,up
266,Chi3l1,up
267,Chka,up
268,Chrna2,up
269,Chrnb1,up
270,Chst1,up
271,Chst12,up
272,Chst14,up
273,Cidea,up
274,Cidec,up
275,Ckap2,up
276,Ckap4,up
277,Clca4l,up
278,Clcf1,up
279,Clcn6,up
280,Cldn4,up
281,Cldn6,up
282,Clec11a,up
283,Clec2l,up
284,Clec4e,up
285,Clec5a,up
286,Clec7a,up
287,Clic1,up
288,Clip1,up
289,Clip2,up
290,Clpx,up
291,Clspn,up
292,Clstn3,up
293,Clu,up
294,Cmpk2,up
295,Cnksr1,up
296,Cnksr3,up
297,Cnp,up
298,Cntnap1,up
299,Col11a1,up
300,Col15a1,up
301,Col16a1,up
302,Col1a1,up
303,Col1a2,up
304,Col3a1,up
305,Col4a1,up
306,Col5a1,up
307,Col5a2,up
308,Col5a3,up
309,Col6a2,up
310,Col8a1,up
311,Colec12,up
312,Coro1a,up
313,Coro1c,up
314,Coro2a,up
315,Coro6,up
316,Cotl1,up
317,Cpa6,up
318,Cpne2,up
319,Cpt1b,up
320,Cpxm1,up
321,Cpxm2,up
322,Cpz,up
323,Creb3,up
324,Creb5,up
325,Crlf1,up
326,Crot,up
327,Crtap,up
328,Cryab,up
329,Csf1,up
330,Csf2rb,up
331,Csmd1,up
332,Csn3,up
333,Csnk1e,up
334,Cstf2,up
335,Ctf1,up
336,Ctgf,up
337,Cthrc1,up
338,Ctps1,up
339,Ctsk,up
340,Cttn,up
341,Cttnbp2nl,up
342,Cubn,up
343,Cx3cl1,up
344,Cx3cr1,up
345,Cxadr,up
346,Cxcl1,up
347,Cxcl10,up
348,Cxcl14,up
349,Cxcl16,up
350,Cxcl2,up
351,Cxcl6,up
352,Cxcr2,up
353,Cxcr4,up
354,Cyfip2,up
355,Cygb,up
356,Cyp17a1,up
357,Cyp1b1,up
358,Cyp26a1,up
359,Cyp26b1,up
360,Cyp2b1,up
361,Cyp2b2,up
362,Cyp2c22,up
363,Cyp2c24,up
364,Cyp2j10,up
365,Cyp2s1,up
366,Cyp4f17,up
367,Cyp4f5,up
368,Cyr61,up
369,Dact2,up
370,Dag1,up
371,Dagla,up
372,Dapk1,up
373,Dbn1,up
374,Dcakd,up
375,Dcbld2,up
376,Dclk1,up
377,Dcn,up
378,Dcun1d3,up
379,Ddhd1,up
380,Ddit3,up
381,Ddit4,up
382,Ddit4l2,up
383,Ddr2,up
384,Ddx21,up
385,Dennd2c,up
386,Dennd2d,up
387,Depdc1b,up
388,Des,up
389,Dhdds,up
390,Dhx33,up
391,Diaph3,up
392,Dio3,up
393,Disp1,up
394,Dixdc1,up
395,Dkk3,up
396,Dlgap5,up
397,Dmbt1,up
398,Dmrtc2,up
399,Dnajc5b,up
400,Dnmt3b,up
401,Dos,up
402,Dph1,up
403,Dph5,up
404,Dpp7,up
405,Dpysl2,up
406,Dpysl3,up
407,Dram1,up
408,Dtx4,up
409,Dupd1,up
410,Dus4l,up
411,Dusp1,up
412,Dusp10,up
413,Dusp16,up
414,Dusp2,up
415,Dusp22,up
416,Dusp3,up
417,Dusp7,up
418,Dusp8,up
419,Dynlt1,up
420,Dzip1l,up
421,Ear11,up
422,Ebi3,up
423,Ect2,up
424,Edn1,up
425,Ednrb,up
426,Efcab1,up
427,Efemp2,up
428,Efs,up
429,Egln3,up
430,Egr1,up
431,Egr2,up
432,Ehd2,up
433,Ehd4,up
434,Eif2b2,up
435,Eif2b3,up
436,Eif4ebp1,up
437,Elavl2,up
438,Elf3,up
439,Eln,up
440,Elovl6,up
441,Emb,up
442,Emp1,up
443,Emp3,up
444,Enc1,up
445,Eno2,up
446,Enpp4,up
447,Enpp5,up
448,Entpd6,up
449,Eogt,up
450,Epb41l4a,up
451,Ephb2,up
452,Ephx2,up
453,Epn3,up
454,Eps8l1,up
455,Eqtn,up
456,Erbb2,up
457,Esam,up
458,Esm1,up
459,Espl1,up
460,Esyt1,up
461,Ets2,up
462,Etv4,up
463,Etv6,up
464,Evc2,up
465,Exnef,up
466,Ext1,up
467,Extl2,up
468,Eya2,up
469,Ezr,up
470,F2r,up
471,Faap20,up
472,Fabp2,up
473,Fabp4,up
474,Fabp5,up
475,Fads3,up
476,Fam102b,up
477,Fam105a,up
478,Fam110a,up
479,Fam118a,up
480,Fam129a,up
481,Fam129b,up
482,Fam131b,up
483,Fam134b,up
484,Fam198b,up
485,Fam19a4,up
486,Fam220a,up
487,Fam25a,up
488,Fam3c,up
489,Fam49a,up
490,Fam83h,up
491,Fam89a,up
492,Fanca,up
493,Fas,up
494,Fasn,up
495,Fat1,up
496,Fblim1,up
497,Fbln1,up
498,Fbn1,up
499,Fbn2,up
500,Fbxl8,up
501,Fbxo32,up
502,Fbxo6,up
503,Fbxw17,up
504,Fcgr2a,up
505,Fchsd1,up
506,Fcnb,up
507,Fgd6,up
508,Fgf1,up
509,Fgf21,up
510,Fgf23,up
511,Fgr,up
512,Fhdc1,up
513,Fhl2,up
514,Fhl3,up
515,Fibin,up
516,Figf,up
517,Fjx1,up
518,Fkbp10,up
519,Fkbp5,up
520,Fkbp7,up
521,Flna,up
522,Flnb,up
523,Flnc,up
524,Flrt2,up
525,Flvcr2,up
526,Fmnl1,up
527,Fndc1,up
528,Fopnl,up
529,Fosb,up
530,Fosl1,up
531,Fosl2,up
532,Foxm1,up
533,Foxq1,up
534,Foxs1,up
535,Frmd4a,up
536,Frmd6,up
537,Frzb,up
538,Fscn1,up
539,Fsip1,up
540,Fst,up
541,Fstl1,up
542,Fut7,up
543,Fxyd5,up
544,Fxyd6,up
545,Fyn,up
546,Fzd2,up
547,Fzd6,up
548,G0s2,up
549,Gab2,up
550,Gadd45a,up
551,Gale,up
552,Galnt18,up
553,Galnt6,up
554,Galr3,up
555,Gapdh,up
556,Gar1,up
557,Gas7,up
558,Gatsl2,up
559,Gbp5,up
560,Gca,up
561,Gck,up
562,Gda,up
563,Gdf15,up
564,Gem,up
565,Gfap,up
566,Gfod1,up
567,Gfod2,up
568,Gfpt2,up
569,Ggt1,up
570,Ggta1,up
571,Gins2,up
572,Gins3,up
573,Gipc1,up
574,Git1,up
575,Gja1,up
576,Gja5,up
577,Gjc1,up
578,Gjc2,up
579,Glb1l2,up
580,Gls,up
581,Gltp,up
582,Gmeb1,up
583,Gna13,up
584,Gnai1,up
585,Gnai2,up
586,Gnat3,up
587,Gnb1,up
588,Gnpda1,up
589,Gpa33,up
590,Gpc1,up
591,Gpc3,up
592,Gpnmb,up
593,Gpr137b,up
594,Gpr153,up
595,Gpr176,up
596,Gpr183,up
597,Gpr37,up
598,Gpr39,up
599,Gpr4,up
600,Gpr87,up
601,Gprc5a,up
602,Gpsm1,up
603,Gpx2,up
604,Gpx3,up
605,Grhl2,up
606,Gria3,up
607,Grk5,up
608,Gss,up
609,Gsta3,up
610,Gstcd,up
611,Gstm2,up
612,Gstm3,up
613,Gstp1,up
614,Gtse1,up
615,Gucy2c,up
616,Gyg1,up
617,Gypc,up
618,H19,up
619,H2afy2,up
620,Hacd4,up
621,Hbegf,up
622,Hcn3,up
623,Hdgfrp3,up
624,Heatr1,up
625,Heatr6,up
626,Hebp2,up
627,Heph,up
628,Heyl,up
629,Hic1,up
630,Hip1,up
631,Hip1r,up
632,Hist1h1a,up
633,Hist1h1b,up
634,Hist1h2ail1,up
635,Hist1h2ak,up
636,Hist1h2bd,up
637,Hist1h2bk,up
638,Hist1h2bo,up
639,Hist1h4m,up
640,Hivep2,up
641,Hivep3,up
642,Hmga1,up
643,Hmgcr,up
644,Hn1,up
645,Homer3,up
646,Hpcal1,up
647,Hps3,up
648,Hrasls5,up
649,Hrh1,up
650,Hrk,up
651,Hs6st2,up
652,Hsdl2,up
653,Hspa12b,up
654,Hspa1a,up
655,Hspa1b,up
656,Hspa4l,up
657,Hspb9,up
658,Htra3,up
659,Hyal2,up
660,Ica1,up
661,Icam1,up
662,Id1,up
663,Idh2,up
664,Ier2,up
665,Ier5,up
666,Ier5l,up
667,Ifi27l2b,up
668,Ifit2,up
669,Ifit3,up
670,Ifitm2,up
671,Ifngr2,up
672,Ifnlr1,up
673,Ift122,up
674,Ift22,up
675,Igf2bp2,up
676,Igf2r,up
677,Igfbp1,up
678,Igsf11,up
679,Igsf3,up
680,Igsf8,up
681,Ikbkb,up
682,Ikbke,up
683,Ikzf2,up
684,Il10rb,up
685,Il17re,up
686,Il1r2,up
687,Il1rl1,up
688,Il1rn,up
689,Il22ra1,up
690,Il23a,up
691,Il2rg,up
692,Il34,up
693,Impa2,up
694,Impdh1,up
695,Incenp,up
696,Inhbb,up
697,Inhbe,up
698,Inpp1,up
699,Insig1,up
700,Insig2,up
701,Iqgap1,up
702,Iqgap3,up
703,Irak2,up
704,Irak3,up
705,Irf1,up
706,Irg1,up
707,Irx2,up
708,Isg15,up
709,Itga4,up
710,Itga5,up
711,Itga6,up
712,Itga8,up
713,Itgam,up
714,Itgb1,up
715,Itgb2,up
716,Itgb6,up
717,Itgb8,up
718,Itpka,up
719,Itpkc,up
720,Itpripl2,up
721,Jag1,up
722,Jak3,up
723,Jam2,up
724,Jph4,up
725,Jun,up
726,Junb,up
727,Jund,up
728,Kank3,up
729,Katnal1,up
730,Kcnj8,up
731,Kcnj9,up
732,Kcnn2,up
733,Kcnn4,up
734,Kctd13,up
735,Kctd15,up
736,Kdelr3,up
737,Kif11,up
738,Kif12,up
739,Kif1c,up
740,Kif22,up
741,Kif23,up
742,Kif26b,up
743,Kif2c,up
744,Kif3a,up
745,Kif3c,up
746,Kifc1,up
747,Kifc3,up
748,Kirrel,up
749,Klf10,up
750,Klf11,up
751,Klf4,up
752,Klf6,up
753,Klhdc8a,up
754,Klhl5,up
755,Klhl8,up
756,Klra17,up
757,Kntc1,up
758,Kpna3,up
759,Krt18,up
760,Krt20,up
761,Krt23,up
762,Krt4,up
763,Krt75,up
764,Krt8,up
765,Lama5,up
766,Lamb3,up
767,Lamc1,up
768,Lamc2,up
769,Laptm5,up
770,Lbh,up
771,Lbp,up
772,Lcn2,up
773,Lcp1,up
774,Leap2,up
775,Lgals1,up
776,Lgals3,up
777,Lgals3bp,up
778,Lgals9,up
779,Lgalsl,up
780,Lgmn,up
781,Lhfp,up
782,Lhfpl2,up
783,Lif,up
784,Lilrb4,up
785,Lilrc2,up
786,Limch1,up
787,Limd1,up
788,Limk1,up
789,Limk2,up
790,Liph,up
791,Litaf,up
792,Lman1l,up
793,Lmcd1,up
794,Lmna,up
795,Lnx2,up
796,LOC100294508,up
797,LOC100361092,up
798,LOC100361444,up
799,LOC100363193,up
800,LOC100909539,up
801,LOC100909675,up
802,LOC100911068,up
803,LOC100912041,up
804,LOC100912312,up
805,LOC297756,up
806,LOC308990,up
807,LOC361016,up
808,LOC498276,up
809,LOC498836,up
810,LOC499781,up
811,LOC502176,up
812,LOC680663,up
813,LOC681325,up
814,LOC683722,up
815,LOC684871,up
816,LOC689065,up
817,LOC690617,up
818,LOC691083,up
819,LOC691995,up
820,Lonrf3,up
821,Loxl1,up
822,Loxl2,up
823,Lpl,up
824,Lrrc32,up
825,Lrrfip1,up
826,Lrrk2,up
827,Lrrn4cl,up
828,Lsm11,up
829,Ltb,up
830,Ltbp1,up
831,Ltbp2,up
832,Ltbp3,up
833,Ltbp4,up
834,Lum,up
835,Lurap1l,up
836,Ly49si1,up
837,Lypd1,up
838,Lyrm1,up
839,Lysmd2,up
840,Lyz2,up
841,Lzts2,up
842,Mad2l2,up
843,Maff,up
844,Mafk,up
845,Magee1,up
846,Magi3,up
847,Magohb,up
848,Mal,up
849,Manba,up
850,Map1a,up
851,Map1b,up
852,Map1s,up
853,Map2k1,up
854,Map3k6,up
855,Map4k4,up
856,Map6,up
857,Map9,up
858,Mapk13,up
859,Mapk4,up
860,Mapk7,up
861,March3,up
862,Marcks,up
863,Marcksl1,up
864,Marveld2,up
865,Mat2a,up
866,Matk,up
867,Mbd2,up
868,Mbp,up
869,Mcam,up
870,Mcemp1,up
871,Mcm2,up
872,Mcm5,up
873,Mcoln2,up
874,Mcoln3,up
875,Mdfic,up
876,Med12l,up
877,Med9,up
878,Megf9,up
879,Meis3,up
880,Melk,up
881,Mesdc1,up
882,Mesp2,up
883,Mest,up
884,Metrnl,up
885,Mfap2,up
886,Mfap4,up
887,Mfge8,up
888,Mfhas1,up
889,Mfsd10,up
890,Mfsd12,up
891,Mgarp,up
892,Mgat5,up
893,MGC105649,up
894,Mgp,up
895,Mgrn1,up
896,Mical1,up
897,Mical2,up
898,Micalcl,up
899,Mid2,up
900,Mir21,up
901,Mir322,up
902,Mis12,up
903,Mitd1,up
904,Mitf,up
905,Mki67,up
906,Mmp12,up
907,Mmp13,up
908,Mmp2,up
909,Mmp23,up
910,Mmp24,up
911,Mmp3,up
912,Mmp8,up
913,Mmp9,up
914,Mnda,up
915,Mob3a,up
916,Mpi,up
917,Mpp7,up
918,Mras,up
919,Mrgprx2,up
920,Msantd3,up
921,Msc,up
922,Msn,up
923,Mterfd3,up
924,Mthfd1l,up
925,Mthfd2,up
926,Mtmr11,up
927,Musk,up
928,Mvb12b,up
929,Mvp,up
930,Mx2,up
931,Mxd3,up
932,Mxra8,up
933,Myadm,up
934,Mybbp1a,up
935,Mybl1,up
936,Mybpc1,up
937,Mybph,up
938,Myc,up
939,Mycl,up
940,Myct1,up
941,Myef2,up
942,Myh1,up
943,Myh10,up
944,Myh9,up
945,Myh9l1,up
946,Myl12a,up
947,Myl4,up
948,Myo1c,up
949,Myo1f,up
950,Myo1g,up
951,Myo5a,up
952,Myo7b,up
953,Myof,up
954,Myom1,up
955,Mypn,up
956,N4bp1,up
957,N4bp3,up
958,Nacc1,up
959,Nagk,up
960,Nap1l3,up
961,Nav2,up
962,Ncdn,up
963,Nceh1,up
964,Ncf1,up
965,Ncf2,up
966,Ncs1,up
967,Ndrg1,up
968,Ndufaf4,up
969,Nek2,up
970,Nek6,up
971,Nenf,up
972,Nes,up
973,Neurl3,up
974,Nfkb1,up
975,Nfkb2,up
976,Nfkbia,up
977,Nfkbie,up
978,Niacr1,up
979,Nin,up
980,Nipal2,up
981,Nle1,up
982,Nme1,up
983,Nmt2,up
984,Nol10,up
985,Nol3,up
986,Nolc1,up
987,Nop14,up
988,Nop2,up
989,Nop56,up
990,Nop58,up
991,Nos1,up
992,Nos2,up
993,Notch2,up
994,Np4,up
995,Npas2,up
996,Npdc1,up
997,Npffr2,up
998,Nr2c2ap,up
999,Nr4a1,up
1000,Nradd,up
1001,Nrg1,up
1002,Nrp2,up
1003,Nt5c,up
1004,Nt5c3b,up
1005,Nuak1,up
1006,Nudt13,up
1007,Nudt7,up
1008,Nup205,up
1009,Nupr1,up
1010,Nusap1,up
1011,Nxt1,up
1012,Nyap1,up
1013,Oasl2,up
1014,Odc1,up
1015,Olfml2a,up
1016,Olfml2b,up
1017,Olr1,up
1018,Orai2,up
1019,Orm1,up
1020,Oscar,up
1021,Osmr,up
1022,Oxct1,up
1023,P2rx5,up
1024,P3h4,up
1025,Pak1,up
1026,Pak1ip1,up
1027,Palm,up
1028,Palm2,up
1029,Papss1,up
1030,Paqr3,up
1031,Paqr8,up
1032,Parp14,up
1033,Parp16,up
1034,Parp3,up
1035,Parvb,up
1036,Pax6,up
1037,Pax8,up
1038,Pbk,up
1039,Pcdh19,up
1040,Pcdhb20,up
1041,Pcdhb21,up
1042,Pcdhga10,up
1043,Pcdhga11,up
1044,Pcdhga12,up
1045,Pcdhga2,up
1046,Pcdhga5,up
1047,Pcdhga7,up
1048,Pcdhga9,up
1049,Pcdhgb7,up
1050,Pcolce,up
1051,Pcp4l1,up
1052,Pcyox1l,up
1053,Pdcl3,up
1054,Pde10a,up
1055,Pde5a,up
1056,Pde9a,up
1057,Pdgfa,up
1058,Pdgfb,up
1059,Pdgfd,up
1060,Pdgfra,up
1061,Pdgfrb,up
1062,Pdk3,up
1063,Pdlim1,up
1064,Pdlim2,up
1065,Pdlim4,up
1066,Pdlim7,up
1067,Peak1,up
1068,Penk,up
1069,Perp,up
1070,Pfkfb3,up
1071,Pfkp,up
1072,Pgam1,up
1073,Pgam5,up
1074,Pgd,up
1075,Pgm2,up
1076,Phactr2,up
1077,Phc2,up
1078,Phlda1,up
1079,Phlda2,up
1080,Phldb1,up
1081,Piezo1,up
1082,Pih1d2,up
1083,Pik3c2b,up
1084,Pik3r5,up
1085,Pkd2,up
1086,Pkia,up
1087,Pkm,up
1088,Pkp2,up
1089,Pla1a,up
1090,Pla2g7,up
1091,Plat,up
1092,Plau,up
1093,Plaur,up
1094,Plcd1,up
1095,Plce1,up
1096,Plch1,up
1097,Plcxd3,up
1098,Pld1,up
1099,Plek2,up
1100,Plekha1,up
1101,Plekha4,up
1102,Plekhg1,up
1103,Plekhg2,up
1104,Plekhh1,up
1105,Plekhs1,up
1106,Plet1,up
1107,Plin2,up
1108,Plin5,up
1109,Plk1,up
1110,Plk3,up
1111,Plod2,up
1112,Plp2,up
1113,Plscr1,up
1114,Plscr3,up
1115,Plscr4,up
1116,Plxna3,up
1117,Pmepa1,up
1118,Pmp22,up
1119,Pmvk,up
1120,Pnliprp2,up
1121,Pno1,up
1122,Pnoc,up
1123,Pnpla5,up
1124,Pnrc1,up
1125,Polb,up
1126,Polr3g,up
1127,Popdc2,up
1128,Postn,up
1129,Ppapdc2,up
1130,Ppic,up
1131,Ppil1,up
1132,Ppil3,up
1133,Ppl,up
1134,Ppp1r14b,up
1135,Ppp1r14c,up
1136,Ppp1r15a,up
1137,Ppp2ca,up
1138,Ppp2cb,up
1139,Ppp2r1b,up
1140,Ppp2r2d,up
1141,Pprc1,up
1142,Pqlc3,up
1143,Pragmin,up
1144,Prc1,up
1145,Prickle1,up
1146,Prkaa1,up
1147,Prkab2,up
1148,Prkar1b,up
1149,Prkar2a,up
1150,Prkca,up
1151,Prkci,up
1152,Prkd1,up
1153,Prkrir,up
1154,Prkx,up
1155,Prmt3,up
1156,Procr,up
1157,Prr13,up
1158,Prr7,up
1159,Prrx1,up
1160,Prss22,up
1161,Prss36,up
1162,Prss8,up
1163,Prtfdc1,up
1164,Psat1,up
1165,Psca,up
1166,Psen2,up
1167,Psmb9,up
1168,Psph,up
1169,Ptcd3,up
1170,Ptger2,up
1171,Ptger4,up
1172,Ptgfrn,up
1173,Ptgs2,up
1174,Ptk2b,up
1175,Ptk7,up
1176,Ptpn23,up
1177,Ptpre,up
1178,Ptprr,up
1179,Ptprt,up
1180,Ptprv,up
1181,Ptrf,up
1182,Pus1,up
1183,PVR,up
1184,Pwwp2b,up
1185,Pxdn,up
1186,Pycr1,up
1187,Pygb,up
1188,Qrfpr,up
1189,Rab11fip1,up
1190,Rab12,up
1191,Rab15,up
1192,Rab23,up
1193,Rab31,up
1194,Rab32,up
1195,Rab38,up
1196,Rab4a,up
1197,Rab7b,up
1198,Rad18,up
1199,Rad51,up
1200,Rai14,up
1201,Ralb,up
1202,Ralyl,up
1203,Ramp1,up
1204,Ran,up
1205,Ranbp1,up
1206,Rap1gap,up
1207,Rap2b,up
1208,Rapgef3,up
1209,Rapgef5,up
1210,Rarb,up
1211,Rasa2,up
1212,Rasa3,up
1213,Rasef,up
1214,Rasl10b,up
1215,Rasl11b,up
1216,Rasl12,up
1217,Rassf1,up
1218,Rassf8,up
1219,Rassf9,up
1220,Rbbp8,up
1221,Rbm3,up
1222,Rbpjl,up
1223,Rcan3,up
1224,Rcn1,up
1225,Rdh13,up
1226,Rec8,up
1227,Reck,up
1228,Reep5,up
1229,Reep6,up
1230,Rem1,up
1231,Rem2,up
1232,Rfx5,up
1233,Rgcc,up
1234,RGD1304810,up
1235,RGD1305110,up
1236,RGD1305464,up
1237,RGD1305928,up
1238,RGD1306058,up
1239,RGD1306151,up
1240,RGD1307315,up
1241,RGD1308117,up
1242,RGD1311739,up
1243,RGD1311946,up
1244,RGD1359127,up
1245,RGD1559482,up
1246,RGD1560010,up
1247,RGD1560108,up
1248,RGD1561149,up
1249,RGD1561161,up
1250,RGD1561849,up
1251,RGD1562079,up
1252,RGD1562136,up
1253,RGD1563072,up
1254,RGD1564450,up
1255,RGD1564664,up
1256,RGD1565355,up
1257,Rgma,up
1258,Rgs1,up
1259,Rgs19,up
1260,Rgs2,up
1261,Rgs4,up
1262,Rgs5,up
1263,Rhbdf1,up
1264,Rhbdf2,up
1265,Rhob,up
1266,Rhoc,up
1267,Rhoq,up
1268,Rims2,up
1269,Rin1,up
1270,Rinl,up
1271,Ripk2,up
1272,Ripk3,up
1273,Rmnd5b,up
1274,Rnd1,up
1275,Rnf11l1,up
1276,Rnf19b,up
1277,Rnf4,up
1278,Rnf8,up
1279,Robo4,up
1280,Ropn1,up
1281,Rp1,up
1282,Rph3al,up
1283,Rpia,up
1284,Rpp38,up
1285,Rprm,up
1286,Rps6ka2,up
1287,Rps6ka3,up
1288,Rras,up
1289,Rsad1,up
1290,RT1-A3,up
1291,RT1-Bb,up
1292,RT1-CE14,up
1293,RT1-CE4,up
1294,RT1-M4,up
1295,Rtkn,up
1296,Rtn4,up
1297,Runx1,up
1298,S100a10,up
1299,S100a11,up
1300,S100a16,up
1301,S100a4,up
1302,S100a6,up
1303,S100a8,up
1304,S100a9,up
1305,S1pr2,up
1306,S1pr5,up
1307,Samd10,up
1308,Samd4a,up
1309,Samsn1,up
1310,Sapcd2,up
1311,Sarm1,up
1312,Sat1,up
1313,Scamp5,up
1314,Scara5,up
1315,Scd1,up
1316,Scd2,up
1317,Schip1,up
1318,Scn5a,up
1319,Sctr,up
1320,Sdad1,up
1321,Sdc1,up
1322,Sdc4,up
1323,Sdcbp,up
1324,Sdcbp2,up
1325,Sdr16c6,up
1326,Sec14l1,up
1327,Sec22b,up
1328,Selm,up
1329,Sema3b,up
1330,Sema3c,up
1331,Sema4d,up
1332,Sema6b,up
1333,Sep-11,up
1334,Sep-05,up
1335,Serinc2,up
1336,Serpina3n,up
1337,Serpinb5,up
1338,Serpinb8,up
1339,Serpinb9,up
1340,Serpine1,up
1341,Serpinh1,up
1342,Sertad1,up
1343,Sesn3,up
1344,Setd8,up
1345,Sfrp1,up
1346,Sfxn3,up
1347,Sfxn4,up
1348,Sgcb,up
1349,Sgcg,up
1350,Sgms2,up
1351,Sh3bgrl2,up
1352,Sh3bgrl3,up
1353,Sh3bp4,up
1354,Sh3yl1,up
1355,Shank3,up
1356,Shtn1,up
1357,Sipa1l3,up
1358,Sirpa,up
1359,Sla,up
1360,Slamf6,up
1361,Slamf9,up
1362,Slc10a2,up
1363,Slc10a3,up
1364,Slc12a8,up
1365,Slc15a3,up
1366,Slc16a1,up
1367,Slc16a3,up
1368,Slc1a5,up
1369,Slc20a1,up
1370,Slc23a3,up
1371,Slc24a4,up
1372,Slc25a24,up
1373,Slc25a4,up
1374,Slc25a47,up
1375,Slc28a2,up
1376,Slc34a2,up
1377,Slc36a2,up
1378,Slc36a4,up
1379,Slc37a2,up
1380,Slc39a10,up
1381,Slc39a6,up
1382,Slc4a4,up
1383,Slc4a5,up
1384,Slc5a9,up
1385,Slc6a6,up
1386,Slc6a8,up
1387,Slc7a1,up
1388,Slc7a11,up
1389,Slc7a15,up
1390,Slc7a5,up
1391,Slc7a6,up
1392,Slc7a8,up
1393,Slfn2,up
1394,Slx4ip,up
1395,Smim3,up
1396,Smoc2,up
1397,Smox,up
1398,Smpd3,up
1399,Smtnl2,up
1400,Smyd5,up
1401,Snai1,up
1402,Snrpd1,up
1403,Sntb1,up
1404,Snx12,up
1405,Snx7,up
1406,Soat1,up
1407,Sod2,up
1408,Sorcs1,up
1409,Sorcs2,up
1410,Sowahc,up
1411,Sox4,up
1412,Sox9,up
1413,Sp110,up
1414,Sp140,up
1415,Spag9,up
1416,Sparc,up
1417,Sparcl1,up
1418,Spata2L,up
1419,Spats2,up
1420,Spats2l,up
1421,Specc1,up
1422,Spef1,up
1423,Sphk1,up
1424,Spink3,up
1425,Spn,up
1426,Spp1,up
1427,Spryd3,up
1428,Spsb1,up
1429,Spsb4,up
1430,Sptan1,up
1431,Sptbn1,up
1432,Sptlc2,up
1433,Sqstm1,up
1434,Src,up
1435,Srd5a3,up
1436,Srf,up
1437,Sri,up
1438,Srms,up
1439,Srpx2,up
1440,Srxn1,up
1441,Ss18,up
1442,Ssbp4,up
1443,Ssc5d,up
1444,Sstr3,up
1445,St3gal2,up
1446,St3gal4,up
1447,St3gal5,up
1448,St6galnac2,up
1449,Stac2,up
1450,Stap1,up
1451,Stat3,up
1452,Steap1,up
1453,Steap2,up
1454,Steap4,up
1455,Stk40,up
1456,Stom,up
1457,Stoml1,up
1458,Ston1,up
1459,Stxbp1,up
1460,Sulf1,up
1461,Sult2a2,up
1462,Sult2a6,up
1463,Sult4a1,up
1464,Svil,up
1465,Syde1,up
1466,Syn3,up
1467,Syne4,up
1468,Synj2,up
1469,Synpo,up
1470,Syt1,up
1471,Sytl4,up
1472,Tacc1,up
1473,Tacc2,up
1474,Tacr3,up
1475,Tagln,up
1476,Tagln2,up
1477,Tap1,up
1478,Tapbp,up
1479,Tax1bp3,up
1480,Tbc1d19,up
1481,Tbc1d2,up
1482,Tbcel,up
1483,Tbx1,up
1484,Tbx4,up
1485,Tcf4,up
1486,Tead2,up
1487,Tes,up
1488,Tex36,up
1489,Tfcp2l1,up
1490,Tfpi,up
1491,Tfpi2,up
1492,Tgfa,up
1493,Tgfb1i1,up
1494,Tgfb3,up
1495,Tgif1,up
1496,Tgm2,up
1497,Thbd,up
1498,Thbs1,up
1499,Thbs2,up
1500,Thbs4,up
1501,Them4,up
1502,Them5,up
1503,Them6,up
1504,Thg1l,up
1505,Thnsl1,up
1506,Thsd1,up
1507,Thy1,up
1508,Tiam1,up
1509,Tigar,up
1510,Timp1,up
1511,Timp2,up
1512,Timp3,up
1513,Tjp2,up
1514,Tjp3,up
1515,Tk1,up
1516,Tkt,up
1517,Tm4sf19,up
1518,Tm6sf1,up
1519,Tma16,up
1520,Tmbim1,up
1521,Tmcc3,up
1522,Tmem106a,up
1523,Tmem119,up
1524,Tmem120a,up
1525,Tmem151a,up
1526,Tmem171,up
1527,Tmem184b,up
1528,Tmem2,up
1529,Tmem237,up
1530,Tmem243,up
1531,Tmem252,up
1532,Tmem26,up
1533,Tmem41a,up
1534,Tmem43,up
1535,Tmem45a,up
1536,Tmem65,up
1537,Tmprss2,up
1538,Tmsb10,up
1539,Tnc,up
1540,Tnf,up
1541,Tnfaip1,up
1542,Tnfaip6,up
1543,Tnfaip8,up
1544,Tnfrsf10b,up
1545,Tnfrsf11b,up
1546,Tnfrsf12a,up
1547,Tnfrsf1b,up
1548,Tnfrsf21,up
1549,Tnfrsf8,up
1550,Tnfrsf9,up
1551,Tnfsf9,up
1552,Tnk2,up
1553,Tns3,up
1554,Top2a,up
1555,Tor3a,up
1556,Tp53,up
1557,Tp53i3,up
1558,Tpm1,up
1559,Tpm3,up
1560,Tpm4,up
1561,Tpx2,up
1562,Traf1,up
1563,Traf3,up
1564,Trafd1,up
1565,Trak2,up
1566,Trem1,up
1567,Trem2,up
1568,Trem3,up
1569,Trex1,up
1570,Tril,up
1571,Trim13,up
1572,Trim32,up
1573,Trim35,up
1574,Trim69,up
1575,Trip6,up
1576,Trmt10a,up
1577,Trmt6,up
1578,Trmt61a,up
1579,Trpm4,up
1580,Trpv2,up
1581,Trub1,up
1582,Tsc22d1,up
1583,Tsc22d2,up
1584,Tsc22d4,up
1585,Tshr,up
1586,Tshz3,up
1587,Tspan14,up
1588,Tspan17,up
1589,Tspan18,up
1590,Tspan5,up
1591,Tspo,up
1592,Tsx,up
1593,Ttc12,up
1594,Ttc21b,up
1595,Ttc25,up
1596,Ttc26,up
1597,Ttc3,up
1598,Ttc39a,up
1599,Ttk,up
1600,Ttpal,up
1601,Tuba1a,up
1602,Tuba1b,up
1603,Tuba1c,up
1604,Tubb2a,up
1605,Tubb2b,up
1606,Tubb4b,up
1607,Tubb5,up
1608,Tubb6,up
1609,Tuft1,up
1610,Tusc3,up
1611,Twf1,up
1612,Tyms,up
1613,Tyro3,up
1614,Ubald1,up
1615,Ube2g2,up
1616,Ube3d,up
1617,Uck2,up
1618,Ugcg,up
1619,Ugt1a2,up
1620,Uhrf1,up
1621,Umps,up
1622,Unc13b,up
1623,Unc5b,up
1624,Unc5c,up
1625,Unc79,up
1626,Upp1,up
1627,Usp22,up
1628,Usp43,up
1629,Usp46,up
1630,Uxs1,up
1631,Vangl1,up
1632,Vars,up
1633,Vasp,up
1634,Vcan,up
1635,Vcl,up
1636,Vegfc,up
1637,Vezt,up
1638,Vim,up
1639,Vldlr,up
1640,Vmp1,up
1641,Vps36,up
1642,Vps37c,up
1643,Vps9d1,up
1644,Vrk2,up
1645,Vsig10,up
1646,Vwa7,up
1647,Wbscr17,up
1648,Wdr1,up
1649,Wdr91,up
1650,Wfdc21,up
1651,Wnk2,up
1652,Wnt7a,up
1653,Xirp2,up
1654,Xrcc6bp1,up
1655,Yars,up
1656,Ypel2,up
1657,Ypel4,up
1658,Ywhag,up
1659,Ywhah,up
1660,Zbed3,up
1661,Zbtb25,up
1662,Zbtb42,up
1663,Zc3h12a,up
1664,Zc3h12c,up
1665,Zc3h12d,up
1666,Zcchc12,up
1667,Zdhhc13,up
1668,Zdhhc2,up
1669,Zfand2a,up
1670,Zfp295,up
1671,Zfp367,up
1672,Zfp438,up
1673,Zfp57,up
1674,Zfp583,up
1675,Zfp64,up
1676,Zfp641,up
1677,Zfp90,up
1678,Zfp951,up
1679,Zfp955a,up
1680,Zfyve19,up
1681,Zmat3,up
1682,Zyx,up
1683,A1bg,down
1684,A1i3,down
1685,Aadat,down
1686,Aamdc,down
1687,Abca8a,down
1688,Abcb7,down
1689,Abcc2,down
1690,Abcc6,down
1691,Abcg5,down
1692,Abcg8,down
1693,Abhd1,down
1694,Abhd14a,down
1695,Abhd14b,down
1696,Abhd2,down
1697,Ac1576,down
1698,Acadsb,down
1699,Acbd4,down
1700,Ace2,down
1701,Ackr2,down
1702,Acnat2,down
1703,Acot12,down
1704,Acot5,down
1705,Acox2,down
1706,Acox3,down
1707,Acsf2,down
1708,Acsl4,down
1709,Acss3,down
1710,Acy1,down
1711,Acy3,down
1712,Adamts7,down
1713,Adap2,down
1714,Adck5,down
1715,Adcy10,down
1716,Adgre1,down
1717,Adh4,down
1718,Adh5,down
1719,Adh6,down
1720,Adhfe1,down
1721,Adra1b,down
1722,Afm,down
1723,Agmat,down
1724,Agmo,down
1725,Agpat6,down
1726,Agt,down
1727,Ahctf1,down
1728,Ahsg,down
1729,Akap5,down
1730,Akap6,down
1731,Akap8l,down
1732,Aknad1,down
1733,Akr1c13,down
1734,Akr1c14,down
1735,Akr1c19,down
1736,Akr1c2,down
1737,Akr7a2,down
1738,Alad,down
1739,Alas1,down
1740,Aldh3a2,down
1741,Aldh9a1,down
1742,Alkbh7,down
1743,Als2cr12,down
1744,Amacr,down
1745,Amdhd1,down
1746,Amigo1,down
1747,Ammecr1l,down
1748,Anapc11,down
1749,Ang,down
1750,Ankrd46,down
1751,Ankrd55,down
1752,Anks4b,down
1753,Anxa3,down
1754,Aox3,down
1755,Apba2,down
1756,Apcs,down
1757,Aph1b,down
1758,Aplp1,down
1759,Apoa5,down
1760,Apoc1,down
1761,Apoc2,down
1762,Apoc3,down
1763,Apoc4,down
1764,Apof,down
1765,Apoh,down
1766,Apon,down
1767,Aqp9,down
1768,Arhgap8,down
1769,Arntl2,down
1770,Asb2,down
1771,Ascl1,down
1772,Asgr1,down
1773,Asgr2,down
1774,Asl,down
1775,Aspdh,down
1776,Aspg,down
1777,Ass1,down
1778,Astn2,down
1779,Atg9a,down
1780,Atp2c1,down
1781,Atp6ap1l,down
1782,Atp7b,down
1783,Auh,down
1784,Azgp1,down
1785,B3gnt5,down
1786,B4galnt1,down
1787,Baat,down
1788,Bace1,down
1789,Bank1,down
1790,Bcan,down
1791,Bcar3,down
1792,Bcat2,down
1793,Bdh1,down
1794,Best3,down
1795,Blk,down
1796,Blvrb,down
1797,Bmf,down
1798,Bsn,down
1799,Bspry,down
1800,Btla,down
1801,C1qa,down
1802,C1qb,down
1803,C1qc,down
1804,C1qtnf3,down
1805,C1rl,down
1806,C2cd2l,down
1807,C8a,down
1808,C8b,down
1809,Cabp1,down
1810,Cabp5,down
1811,Cacna1d,down
1812,Camk2n1,down
1813,Capn11,down
1814,Car3,down
1815,Casp6,down
1816,Casr,down
1817,Cat,down
1818,Cbs,down
1819,Cbx2,down
1820,Cbx7,down
1821,Ccbl1,down
1822,Ccbl2,down
1823,Ccdc126,down
1824,Ccdc152,down
1825,Ccdc28b,down
1826,Ccl26,down
1827,Ccl5,down
1828,Ccl6,down
1829,Ccnf,down
1830,Cd163,down
1831,Cd19,down
1832,Cd22,down
1833,Cd274,down
1834,Cd302,down
1835,Cd5l,down
1836,Cd7,down
1837,Cd74,down
1838,Cd79b,down
1839,Cdip1,down
1840,Cdk2ap2,down
1841,Cdkn1c,down
1842,Cdo1,down
1843,Cebpa,down
1844,Cecr2,down
1845,Celsr2,down
1846,Cep295,down
1847,Ces1c,down
1848,Ces1d,down
1849,Ces1e,down
1850,Ces2e,down
1851,Ces2h,down
1852,Cfd,down
1853,Cfhr1,down
1854,Cfp,down
1855,Cgrrf1,down
1856,Chac2,down
1857,Chdh,down
1858,Chodl,down
1859,Ciart,down
1860,Cideb,down
1861,Ciita,down
1862,Clcn2,down
1863,Cldn3,down
1864,Clec4f,down
1865,Clic2,down
1866,Clk4,down
1867,Clmn,down
1868,Cmah,down
1869,Cml1,down
1870,Cml2,down
1871,Cml5,down
1872,Cnr1,down
1873,Cntfr,down
1874,Coch,down
1875,Col4a3,down
1876,Comt,down
1877,Cops5,down
1878,Coq10a,down
1879,Cox16,down
1880,Cox6c,down
1881,Cpamd8,down
1882,Cpb2,down
1883,Cpn1,down
1884,Cpq,down
1885,Cps1,down
1886,Cr2,down
1887,Creg1,down
1888,Crp,down
1889,Cry2,down
1890,Crym,down
1891,Ctla2a,down
1892,Ctnnd2,down
1893,Ctsa,down
1894,Ctsc,down
1895,Ctse,down
1896,Cxcl12,down
1897,Cyb5a,down
1898,Cyp1a2,down
1899,Cyp27a1,down
1900,Cyp2b3,down
1901,Cyp2c11,down
1902,Cyp2c23,down
1903,Cyp2c7,down
1904,Cyp2d1,down
1905,Cyp2d2,down
1906,Cyp2d3,down
1907,Cyp2d4,down
1908,Cyp2e1,down
1909,Cyp2f4,down
1910,Cyp2j3,down
1911,Cyp2t1,down
1912,Cyp3a18,down
1913,Cyp3a2,down
1914,Cyp3a9,down
1915,Cyp4f1,down
1916,Cyp4f4,down
1917,Cyp4f6,down
1918,Dab1,down
1919,Dao,down
1920,Dbp,down
1921,Dcaf11,down
1922,Dctpp1,down
1923,Dcxr,down
1924,Ddah1,down
1925,Ddi2,down
1926,Ddo,down
1927,Defb27,down
1928,Dffb,down
1929,Dgka,down
1930,Dgkq,down
1931,Dhrs3,down
1932,Dhrs4,down
1933,Dhtkd1,down
1934,Dio1,down
1935,Dmtn,down
1936,Dnaja1,down
1937,Dnajc18,down
1938,Dnajc28,down
1939,Dpm1,down
1940,Dpy19l3,down
1941,Dpyd,down
1942,Dpys,down
1943,Dusp14,down
1944,Dynlt3,down
1945,Ebp,down
1946,Eci3,down
1947,Edar,down
1948,Ednra,down
1949,Eef2k,down
1950,Efcab3,down
1951,Efna5,down
1952,Egf,down
1953,Egfr,down
1954,Eif4ebp2,down
1955,Elovl2,down
1956,Emcn,down
1957,Eml5,down
1958,Enpep,down
1959,Enpp1,down
1960,Enpp2,down
1961,Epb41l1,down
1962,Epb41l4b,down
1963,Epm2aip1,down
1964,Erbb3,down
1965,Erlin1,down
1966,Esd,down
1967,Etnk2,down
1968,Extl1,down
1969,F10,down
1970,F11,down
1971,Faah,down
1972,Fabp1,down
1973,Fabp7,down
1974,Fads6,down
1975,Fah,down
1976,Fahd1,down
1977,Fam117b,down
1978,Fam126b,down
1979,Fam162a,down
1980,Fam20c,down
1981,Fam55b,down
1982,Fbp1,down
1983,Fbxo21,down
1984,Fcer2,down
1985,Fcmr,down
1986,Fcna,down
1987,Fech,down
1988,Fetub,down
1989,Fh,down
1990,Flcn,down
1991,Flrt1,down
1992,Flt3,down
1993,Fmo1,down
1994,Fmo3,down
1995,Fn1,down
1996,Fn3k,down
1997,Fnip2,down
1998,Folh1,down
1999,Fpgs,down
2000,Fyb,down
2001,Fzd5,down
2002,Fzd8,down
2003,G6pc,down
2004,Gaa,down
2005,Gab1,down
2006,Galm,down
2007,Galnt11,down
2008,Galnt9,down
2009,Gcat,down
2010,Gcdh,down
2011,Gch1,down
2012,Gclm,down
2013,Gcsh,down
2014,Gde1,down
2015,Gjb1,down
2016,Gls2,down
2017,Gltpd2,down
2018,Glyat,down
2019,Glyatl1,down
2020,Glyatl2,down
2021,Glyctk,down
2022,Gne,down
2023,Gnpnat1,down
2024,Got1,down
2025,Gpc4,down
2026,Gpld1,down
2027,Gpm6a,down
2028,Gpr146,down
2029,Gpr155,down
2030,Gpr31,down
2031,Gpr81,down
2032,Gprc5c,down
2033,Gpt,down
2034,Gramd1c,down
2035,Grb7,down
2036,Grhpr,down
2037,Gsta2,down
2038,Gstm6,down
2039,Gstt3,down
2040,Gstz1,down
2041,Gucy1b2,down
2042,Gys2,down
2043,Gzma,down
2044,Habp2,down
2045,Hacl1,down
2046,Hagh,down
2047,Hal,down
2048,Hao1,down
2049,Hao2,down
2050,Hdhd3,down
2051,Hells,down
2052,Hes6,down
2053,Hexdc,down
2054,Hgd,down
2055,Hhip,down
2056,Hint2,down
2057,Hist1h1d,down
2058,Hist2h2ab,down
2059,Hmox2,down
2060,Hpd,down
2061,Hpgds,down
2062,Hpn,down
2063,Hps4,down
2064,Hrc,down
2065,Hrsp12,down
2066,Hs3st3b1,down
2067,Hs3st6,down
2068,Hsd17b10,down
2069,Hsd17b11,down
2070,Hsd17b14,down
2071,Hsd17b2,down
2072,Hspb6,down
2073,Htra1,down
2074,Hyal1,down
2075,Hykk,down
2076,Icam5,down
2077,Id4,down
2078,Idh1,down
2079,Iffo1,down
2080,Igf1,down
2081,Igfals,down
2082,Igfbp2,down
2083,Igfbp4,down
2084,Igsf5,down
2085,Ihh,down
2086,Il12b,down
2087,Il1rap,down
2088,Il31ra,down
2089,Il33,down
2090,Il6r,down
2091,Inmt,down
2092,Inpp5b,down
2093,Iqub,down
2094,Irs1,down
2095,Irx1,down
2096,Itga7,down
2097,Itpr2,down
2098,Ivd,down
2099,Jade1,down
2100,Kcna2,down
2101,Kcnd3,down
2102,Kcnh1,down
2103,Kcnj5,down
2104,Kcnk2,down
2105,Kcnk3,down
2106,Kctd6,down
2107,Kdr,down
2108,Klf12,down
2109,Klf15,down
2110,Klf9,down
2111,Klhl24,down
2112,Klkb1,down
2113,Klrd1,down
2114,Klrg1,down
2115,Klri1,down
2116,Kmo,down
2117,Lace1,down
2118,Lactb2,down
2119,Lair1,down
2120,Lamc3,down
2121,Lamp2,down
2122,Lax1,down
2123,Lcat,down
2124,Lcn12,down
2125,Ldb1,down
2126,Ldhd,down
2127,Ldlr,down
2128,Lect2,down
2129,Lepr,down
2130,Lgals8,down
2131,Lgr4,down
2132,Lgsn,down
2133,Lhx6,down
2134,Lilra5,down
2135,Lin7a,down
2136,Lipa,down
2137,Lipc,down
2138,LOC100158225,down
2139,LOC100360095,down
2140,LOC100362690,down
2141,LOC100365773,down
2142,LOC102552805,down
2143,LOC252890,down
2144,LOC259244,down
2145,LOC298111,down
2146,LOC299282,down
2147,LOC497899,down
2148,LOC499602,down
2149,LOC680200,down
2150,LOC683897,down
2151,LOC689574,down
2152,Lpar2,down
2153,Lpar6,down
2154,Lppr1,down
2155,Lrp3,down
2156,Lrp4,down
2157,Lrp6,down
2158,Lrrc28,down
2159,Lrrc56,down
2160,Lrrc8b,down
2161,Lrrn3,down
2162,Ltn1,down
2163,Lzts3,down
2164,Man1a1,down
2165,Maob,down
2166,Map10,down
2167,Mapk10,down
2168,Marc1,down
2169,Marc2,down
2170,March6,down
2171,Mat1a,down
2172,Mcc,down
2173,Med4,down
2174,Meiob,down
2175,Meox2,down
2176,Met,down
2177,Mfsd8,down
2178,MGC93861,down
2179,Micu2,down
2180,Mir27b,down
2181,Mir290,down
2182,Mir291a,down
2183,Mir291b,down
2184,Mir292,down
2185,Mir293,down
2186,Mir294,down
2187,Mir3074,down
2188,Mir3589,down
2189,Mir802,down
2190,Mllt3,down
2191,Mlxipl,down
2192,Mmaa,down
2193,Mmd2,down
2194,Mme,down
2195,Mospd3,down
2196,Mpc1,down
2197,Mpc2,down
2198,Mpdz,down
2199,Mphosph8,down
2200,Mrpl14,down
2201,Mrpl18,down
2202,Msrb1,down
2203,Mtfp1,down
2204,Mug1,down
2205,Mup4,down
2206,Mup5,down
2207,Myeov2,down
2208,Myh11,down
2209,Mylk3,down
2210,Mzf1,down
2211,N4bp2l1,down
2212,Naa60,down
2213,Nadk2,down
2214,Naga,down
2215,Nags,down
2216,Naprt1,down
2217,Narf,down
2218,Nat6,down
2219,Nat8,down
2220,Nav3,down
2221,Nbr1,down
2222,Ncam2,down
2223,Ncoa2,down
2224,Ndrg2,down
2225,Ndst1,down
2226,Ndufa10l1,down
2227,Ndufa6,down
2228,Negr1,down
2229,Neu1,down
2230,Neurl2,down
2231,Nfib,down
2232,Nfyb,down
2233,Nhlrc1,down
2234,Nipsnap1,down
2235,Nit1,down
2236,Nit2,down
2237,Nlrp12,down
2238,Nme3,down
2239,Nnmt,down
2240,Nox4,down
2241,Npepo,down
2242,Nqo2,down
2243,Nr1d1,down
2244,Nr1d2,down
2245,Nr2f2,down
2246,Nr3c1,down
2247,Nrcam,down
2248,Nrep,down
2249,Nrn1,down
2250,Nrtn,down
2251,Nrxn3,down
2252,Ntn3,down
2253,Ntng1,down
2254,Ntrk1,down
2255,Ntsr1,down
2256,Nudt12,down
2257,Nudt16,down
2258,Nup98,down
2259,Nupr1l,down
2260,Nxnl2,down
2261,Nxt2,down
2262,Oaf,down
2263,Oard1,down
2264,Obp3,down
2265,Olr1584,down
2266,Olr1585,down
2267,Olr35,down
2268,Onecut1,down
2269,Opn3,down
2270,Os9,down
2271,Ovol3,down
2272,P2ry13,down
2273,Pah,down
2274,Papss2,down
2275,Paqr9,down
2276,Park2,down
2277,Pax5,down
2278,Pbld1,down
2279,Pbx1,down
2280,Pcbd1,down
2281,Pcbp3,down
2282,Pcbp4,down
2283,Pcdh11x,down
2284,Pcdh7,down
2285,Pcdhac2,down
2286,Pck1,down
2287,Pclo,down
2288,Pde11a,down
2289,Pde3b,down
2290,Pde4c,down
2291,Pdia4,down
2292,Pdp2,down
2293,Pdzk1,down
2294,Pecr,down
2295,Peg3,down
2296,Peli3,down
2297,Pemt,down
2298,Per3,down
2299,Pfdn2,down
2300,Pgrmc1,down
2301,Phlpp2,down
2302,Phyhd1,down
2303,Pik3c3,down
2304,Pim3,down
2305,Pink1,down
2306,Pja1,down
2307,Pla2g15,down
2308,Plag1,down
2309,Plcb1,down
2310,Plcxd2,down
2311,Plekhb1,down
2312,Plg,down
2313,Plvap,down
2314,Pnpla7,down
2315,Polr2h,down
2316,Polr2i,down
2317,Polr3gl,down
2318,Pon1,down
2319,Pon3,down
2320,Por,down
2321,Pou3f1,down
2322,Pou6f1,down
2323,Ppa1,down
2324,Ppa2,down
2325,Ppap2b,down
2326,Ppara,down
2327,Ppargc1a,down
2328,Ppfibp2,down
2329,Ppif,down
2330,Ppox,down
2331,Ppp1r15b,down
2332,Ppp4r4,down
2333,Pqlc1,down
2334,Pqlc2,down
2335,Prdm9,down
2336,Prdx4,down
2337,Prdx5,down
2338,Prelid2,down
2339,Prex2,down
2340,Prf1,down
2341,Prkab1,down
2342,Prkcb,down
2343,Prkd3,down
2344,Prodh,down
2345,Prodh2,down
2346,Proz,down
2347,Psenen,down
2348,Psmc3,down
2349,Psmc6,down
2350,Pstpip2,down
2351,Ptch1,down
2352,Ptger3,down
2353,Ptgs1,down
2354,Ptpn22,down
2355,Ptprh,down
2356,Ptprq,down
2357,Pus7,down
2358,Pvrl3,down
2359,Pxmp2,down
2360,Pyroxd2,down
2361,Pzp,down
2362,Rab3a,down
2363,Rad54l2,down
2364,Ranbp17,down
2365,Rarres1,down
2366,Rasgrp1,down
2367,Rassf7,down
2368,Rbl2,down
2369,Rbm38,down
2370,Rbm47,down
2371,Rbp4,down
2372,Rcbtb2,down
2373,Rdh7,down
2374,Ren,down
2375,RGD1305347,down
2376,RGD1307461,down
2377,RGD1307537,down
2378,RGD1307603,down
2379,RGD1309350,down
2380,RGD1561778,down
2381,RGD1563482,down
2382,RGD1564614,down
2383,RGD1565367,down
2384,RGD1566134,down
2385,RGD1566386,down
2386,Rgn,down
2387,Rgs3,down
2388,Rgs9bp,down
2389,Rgsl2h,down
2390,Rhbdl3,down
2391,Rnase11,down
2392,Rnase13,down
2393,Rnase4,down
2394,Rnd2,down
2395,rnf141,down
2396,Rnf186,down
2397,Ror1,down
2398,Rpain,down
2399,Rpp21,down
2400,Rpusd3,down
2401,Rspo2,down
2402,Rsrp1,down
2403,RT1-Da,down
2404,RT1-Db1,down
2405,RT1-DOa,down
2406,RT1-DOb,down
2407,Rtn4rl2,down
2408,Rtp3,down
2409,Rundc3b,down
2410,Rup2,down
2411,Samd11,down
2412,Sat2,down
2413,Satb1,down
2414,Sc5d,down
2415,Scin,down
2416,Sclt1,down
2417,Scrn1,down
2418,Scrn2,down
2419,Scrt2,down
2420,Sdc2,down
2421,Sdf2l1,down
2422,Sdf4,down
2423,Sdr42e1,down
2424,Sds,down
2425,Sebox,down
2426,Sec14l2,down
2427,Sel1l,down
2428,Selenbp1,down
2429,Selo,down
2430,Selp,down
2431,Sema4g,down
2432,Sepp1,down
2433,Serpina1,down
2434,Serpina3c,down
2435,Serpina6,down
2436,Serpinc1,down
2437,Serpind1,down
2438,Serpinf2,down
2439,Sfxn2,down
2440,Sfxn5,down
2441,Sgk2,down
2442,Sh3gl3,down
2443,Shmt1,down
2444,Sla2,down
2445,Slamf7,down
2446,Slc10a1,down
2447,Slc10a5,down
2448,Slc13a2,down
2449,Slc13a3,down
2450,Slc16a10,down
2451,Slc16a12,down
2452,Slc16a2,down
2453,Slc16a4,down
2454,Slc17a2,down
2455,Slc17a4,down
2456,Slc19a2,down
2457,Slc1a3,down
2458,Slc20a2,down
2459,Slc22a1,down
2460,Slc22a17,down
2461,Slc22a23,down
2462,Slc22a6,down
2463,Slc22a7,down
2464,Slc22a8,down
2465,Slc23a1,down
2466,Slc25a10,down
2467,Slc25a15,down
2468,Slc25a30,down
2469,Slc25a33,down
2470,Slc29a4,down
2471,Slc2a9,down
2472,Slc30a3,down
2473,Slc31a1,down
2474,Slc33a1,down
2475,Slc35e2b,down
2476,Slc37a4,down
2477,Slc38a3,down
2478,Slc38a4,down
2479,Slc43a1,down
2480,Slc44a4,down
2481,Slc46a1,down
2482,Slc46a3,down
2483,Slc47a2,down
2484,Slc6a12,down
2485,Slc7a10,down
2486,Slc7a2,down
2487,Slc8b1,down
2488,Slc9a3r1,down
2489,Slc9a7,down
2490,Slco1a1,down
2491,Slco1a2,down
2492,Slco1b2,down
2493,Slco2a1,down
2494,Slco2b1,down
2495,Slco5a1,down
2496,Smlr1,down
2497,Smoc1,down
2498,Sntb2,down
2499,Socs2,down
2500,Sod3,down
2501,Sorbs3,down
2502,Sord,down
2503,Sox6,down
2504,Spag1,down
2505,Spata25,down
2506,Spata3,down
2507,Spic,down
2508,Spp2,down
2509,Sptssa,down
2510,Srd5a1,down
2511,St6galnac3,down
2512,St8sia6,down
2513,Stac3,down
2514,Stard4,down
2515,Stat2,down
2516,Stim2,down
2517,Stox2,down
2518,Sts,down
2519,Styx,down
2520,Sucla2,down
2521,Sult1c2,down
2522,Sult1c2a,down
2523,Sult1c3,down
2524,Sult2a1,down
2525,Suox,down
2526,Syce2,down
2527,Syde2,down
2528,Synpo2l,down
2529,Synrg,down
2530,Syt3,down
2531,Taf5l,down
2532,Tat,down
2533,Tbc1d14,down
2534,Tbck,down
2535,Tceb2,down
2536,Tcp1,down
2537,Tcp11l2,down
2538,Tdrkh,down
2539,Tef,down
2540,Tenm2,down
2541,Terf1,down
2542,Tert,down
2543,Tfcp2,down
2544,Tfdp2,down
2545,Tfr2,down
2546,Thrb,down
2547,Thumpd1,down
2548,Thumpd2,down
2549,Timeless,down
2550,Tlr11,down
2551,Tlr12,down
2552,Tm7sf2,down
2553,Tmc3,down
2554,Tmem117,down
2555,Tmem132b,down
2556,Tmem144,down
2557,Tmem150a,down
2558,Tmem159,down
2559,Tmem163,down
2560,Tmem19,down
2561,Tmem205,down
2562,Tmem218,down
2563,Tmem41b,down
2564,Tmem47,down
2565,Tmem63a,down
2566,Tmlhe,down
2567,Tmpo,down
2568,Tnnt1,down
2569,Tom1l1,down
2570,Tp53i13,down
2571,Tpcn1,down
2572,Tpmt,down
2573,Tppp,down
2574,Tpst1,down
2575,Tram1,down
2576,Trappc2b,down
2577,Trhde,down
2578,Trpm3,down
2579,Tspan12,down
2580,Tssk6,down
2581,Tst,down
2582,Ttc39c,down
2583,Ttpa,down
2584,Ttr,down
2585,Tuba3a,down
2586,Txndc11,down
2587,Txndc17,down
2588,Txnrd2,down
2589,Tyw5,down
2590,Ube2d4,down
2591,Ugp2,down
2592,Ugt2b1,down
2593,Ugt2b10,down
2594,Ugt2b15,down
2595,Ugt2b17,down
2596,Ulk2,down
2597,Ung,down
2598,Upp2,down
2599,Ush2a,down
2600,Usp2,down
2601,Usp49,down
2602,Ust5r,down
2603,Uxt,down
2604,Vamp7,down
2605,Vipr1,down
2606,Vom1r100,down
2607,Vom1r99,down
2608,Vsig4,down
2609,Vtn,down
2610,Vwce,down
2611,Wasf1,down
2612,Wfdc1,down
2613,Xbp1,down
2614,Xcr1,down
2615,Xk,down
2616,Xkr8,down
2617,Xpnpep2,down
2618,Xylb,down
2619,Zbtb26,down
2620,Zbtb38,down
2621,Zbtb43,down
2622,Zcchc11,down
2623,Zdhhc23,down
2624,Zfat,down
2625,Zfp213,down
2626,Zfp251,down
2627,Zfp266,down
2628,Zfp292,down
2629,Zfp37,down
2630,Zfp386,down
2631,Zfp394,down
2632,Zfp467,down
2633,Zfp472,down
2634,Zfp597,down
2635,Zfp7,down
2636,Zfyve21,down
2637,Zkscan5,down
2638,Zrsr1,down
